purchase_id,purchase_date,product_name,quantity,purchase_price,expiration_date
1,2022-10-01,bananen,2008,0.76,2022-10-05
2,2022-10-01,appels,4027,0.57,2022-10-08
3,2022-10-01,peren,3010,0.97,2022-10-06
4,2022-10-01,kip,1006,1.51,2022-10-08
5,2022-10-01,rund,806,3.95,2022-10-07
6,2022-10-01,vis,610,2.88,2022-10-07
7,2022-10-01,bier,1208,1.24,2023-08-17
8,2022-10-01,chips,504,0.53,2023-10-01
9,2022-10-01,brood,407,0.93,2022-10-02
10,2022-10-01,cola,810,1.37,2023-05-29
11,2022-10-02,bananen,2004,0.18,2022-10-06
12,2022-10-02,appels,4095,0.80,2022-10-09
13,2022-10-02,peren,3004,0.56,2022-10-07
14,2022-10-02,kip,1006,1.68,2022-10-09
15,2022-10-02,rund,801,3.20,2022-10-08
16,2022-10-02,vis,600,2.88,2022-10-08
17,2022-10-02,bier,1203,1.79,2023-08-18
18,2022-10-02,chips,502,1.85,2023-10-02
19,2022-10-02,brood,400,0.05,2022-10-03
20,2022-10-02,cola,803,0.38,2023-05-30
21,2022-10-03,bananen,2000,1.00,2022-10-07
22,2022-10-03,appels,4036,0.37,2022-10-10
23,2022-10-03,peren,3000,0.14,2022-10-08
24,2022-10-03,kip,1010,1.30,2022-10-10
25,2022-10-03,rund,800,2.10,2022-10-09
26,2022-10-03,vis,600,3.86,2022-10-09
27,2022-10-03,bier,1206,2.38,2023-08-19
28,2022-10-03,chips,506,0.71,2023-10-03
29,2022-10-03,brood,400,0.40,2022-10-04
30,2022-10-03,cola,801,1.64,2023-05-31
31,2022-10-04,bananen,2003,0.13,2022-10-08
32,2022-10-04,appels,4099,0.23,2022-10-11
33,2022-10-04,peren,3007,0.45,2022-10-09
34,2022-10-04,kip,1004,2.40,2022-10-11
35,2022-10-04,rund,806,2.18,2022-10-10
36,2022-10-04,vis,604,3.41,2022-10-10
37,2022-10-04,bier,1203,1.07,2023-08-20
38,2022-10-04,chips,506,1.06,2023-10-04
39,2022-10-04,brood,400,0.78,2022-10-05
40,2022-10-04,cola,804,1.21,2023-06-01
41,2022-10-05,bananen,2007,0.05,2022-10-09
42,2022-10-05,appels,4008,0.83,2022-10-12
43,2022-10-05,peren,3000,0.52,2022-10-10
44,2022-10-05,kip,1002,1.76,2022-10-12
45,2022-10-05,rund,806,3.71,2022-10-11
46,2022-10-05,vis,609,3.89,2022-10-11
47,2022-10-05,bier,1200,1.37,2023-08-21
48,2022-10-05,chips,500,1.86,2023-10-05
49,2022-10-05,brood,401,0.18,2022-10-06
50,2022-10-05,cola,803,0.31,2023-06-02
51,2022-10-06,bananen,2003,0.91,2022-10-10
52,2022-10-06,appels,4085,0.45,2022-10-13
53,2022-10-06,peren,3002,0.28,2022-10-11
54,2022-10-06,kip,1002,2.00,2022-10-13
55,2022-10-06,rund,804,3.49,2022-10-12
56,2022-10-06,vis,610,3.81,2022-10-12
57,2022-10-06,bier,1206,1.82,2023-08-22
58,2022-10-06,chips,504,0.38,2023-10-06
59,2022-10-06,brood,400,0.07,2022-10-07
60,2022-10-06,cola,801,1.23,2023-06-03
61,2022-10-07,bananen,2006,0.37,2022-10-11
62,2022-10-07,appels,4035,0.46,2022-10-14
63,2022-10-07,peren,3006,0.36,2022-10-12
64,2022-10-07,kip,1005,2.87,2022-10-14
65,2022-10-07,rund,809,2.60,2022-10-13
66,2022-10-07,vis,610,2.84,2022-10-13
67,2022-10-07,bier,1201,1.79,2023-08-23
68,2022-10-07,chips,502,1.93,2023-10-07
69,2022-10-07,brood,400,0.85,2022-10-08
70,2022-10-07,cola,801,1.57,2023-06-04
71,2022-10-08,bananen,2000,0.92,2022-10-12
72,2022-10-08,appels,4026,0.49,2022-10-15
73,2022-10-08,peren,3007,0.19,2022-10-13
74,2022-10-08,kip,1006,1.57,2022-10-15
75,2022-10-08,rund,810,3.75,2022-10-14
76,2022-10-08,vis,600,2.24,2022-10-14
77,2022-10-08,bier,1207,2.07,2023-08-24
78,2022-10-08,chips,506,0.37,2023-10-08
79,2022-10-08,brood,409,0.96,2022-10-09
80,2022-10-08,cola,810,1.07,2023-06-05
81,2022-10-09,bananen,2000,0.89,2022-10-13
82,2022-10-09,appels,4059,0.10,2022-10-16
83,2022-10-09,peren,3008,0.52,2022-10-14
84,2022-10-09,kip,1008,1.55,2022-10-16
85,2022-10-09,rund,808,3.25,2022-10-15
86,2022-10-09,vis,609,3.77,2022-10-15
87,2022-10-09,bier,1205,1.33,2023-08-25
88,2022-10-09,chips,507,0.66,2023-10-09
89,2022-10-09,brood,400,0.95,2022-10-10
90,2022-10-09,cola,804,1.67,2023-06-06
91,2022-10-10,bananen,2009,0.45,2022-10-14
92,2022-10-10,appels,4041,0.51,2022-10-17
93,2022-10-10,peren,3009,0.52,2022-10-15
94,2022-10-10,kip,1001,2.68,2022-10-17
95,2022-10-10,rund,800,2.77,2022-10-16
96,2022-10-10,vis,607,2.93,2022-10-16
97,2022-10-10,bier,1205,1.76,2023-08-26
98,2022-10-10,chips,501,1.13,2023-10-10
99,2022-10-10,brood,403,0.07,2022-10-11
100,2022-10-10,cola,810,1.89,2023-06-07
101,2022-10-11,bananen,2001,0.90,2022-10-15
102,2022-10-11,appels,4079,0.55,2022-10-18
103,2022-10-11,peren,3010,0.97,2022-10-16
104,2022-10-11,kip,1005,2.53,2022-10-18
105,2022-10-11,rund,809,3.72,2022-10-17
106,2022-10-11,vis,605,3.74,2022-10-17
107,2022-10-11,bier,1206,2.64,2023-08-27
108,2022-10-11,chips,503,1.51,2023-10-11
109,2022-10-11,brood,404,0.55,2022-10-12
110,2022-10-11,cola,804,0.52,2023-06-08
111,2022-10-12,bananen,2005,0.34,2022-10-16
112,2022-10-12,appels,4063,0.45,2022-10-19
113,2022-10-12,peren,3006,0.97,2022-10-17
114,2022-10-12,kip,1000,1.16,2022-10-19
115,2022-10-12,rund,804,2.57,2022-10-18
116,2022-10-12,vis,609,2.88,2022-10-18
117,2022-10-12,bier,1207,1.45,2023-08-28
118,2022-10-12,chips,503,0.98,2023-10-12
119,2022-10-12,brood,404,0.12,2022-10-13
120,2022-10-12,cola,802,1.45,2023-06-09
121,2022-10-13,bananen,2009,0.78,2022-10-17
122,2022-10-13,appels,4017,0.78,2022-10-20
123,2022-10-13,peren,3010,0.84,2022-10-18
124,2022-10-13,kip,1010,2.71,2022-10-20
125,2022-10-13,rund,805,3.58,2022-10-19
126,2022-10-13,vis,604,3.21,2022-10-19
127,2022-10-13,bier,1205,2.99,2023-08-29
128,2022-10-13,chips,502,0.43,2023-10-13
129,2022-10-13,brood,406,0.84,2022-10-14
130,2022-10-13,cola,803,0.65,2023-06-10
131,2022-10-14,bananen,2000,0.45,2022-10-18
132,2022-10-14,appels,4057,0.02,2022-10-21
133,2022-10-14,peren,3000,0.99,2022-10-19
134,2022-10-14,kip,1002,1.01,2022-10-21
135,2022-10-14,rund,805,2.33,2022-10-20
136,2022-10-14,vis,604,3.34,2022-10-20
137,2022-10-14,bier,1209,1.32,2023-08-30
138,2022-10-14,chips,503,1.11,2023-10-14
139,2022-10-14,brood,400,0.87,2022-10-15
140,2022-10-14,cola,809,1.50,2023-06-11
141,2022-10-15,bananen,2007,0.95,2022-10-19
142,2022-10-15,appels,4089,0.32,2022-10-22
143,2022-10-15,peren,3008,0.40,2022-10-20
144,2022-10-15,kip,1000,2.39,2022-10-22
145,2022-10-15,rund,810,4.00,2022-10-21
146,2022-10-15,vis,607,2.90,2022-10-21
147,2022-10-15,bier,1209,1.22,2023-08-31
148,2022-10-15,chips,501,1.49,2023-10-15
149,2022-10-15,brood,405,0.32,2022-10-16
150,2022-10-15,cola,808,1.49,2023-06-12
151,2022-10-16,bananen,2006,0.79,2022-10-20
152,2022-10-16,appels,4095,0.56,2022-10-23
153,2022-10-16,peren,3002,0.01,2022-10-21
154,2022-10-16,kip,1010,1.45,2022-10-23
155,2022-10-16,rund,800,3.84,2022-10-22
156,2022-10-16,vis,603,2.74,2022-10-22
157,2022-10-16,bier,1203,2.09,2023-09-01
158,2022-10-16,chips,501,0.15,2023-10-16
159,2022-10-16,brood,401,0.74,2022-10-17
160,2022-10-16,cola,806,0.52,2023-06-13
161,2022-10-17,bananen,2005,0.72,2022-10-21
162,2022-10-17,appels,4012,0.01,2022-10-24
163,2022-10-17,peren,3004,0.56,2022-10-22
164,2022-10-17,kip,1010,1.52,2022-10-24
165,2022-10-17,rund,802,2.97,2022-10-23
166,2022-10-17,vis,607,3.76,2022-10-23
167,2022-10-17,bier,1209,1.64,2023-09-02
168,2022-10-17,chips,506,0.26,2023-10-17
169,2022-10-17,brood,406,0.24,2022-10-18
170,2022-10-17,cola,809,0.97,2023-06-14
171,2022-10-18,bananen,2001,0.81,2022-10-22
172,2022-10-18,appels,4047,0.78,2022-10-25
173,2022-10-18,peren,3006,0.85,2022-10-23
174,2022-10-18,kip,1002,1.86,2022-10-25
175,2022-10-18,rund,804,3.91,2022-10-24
176,2022-10-18,vis,610,3.44,2022-10-24
177,2022-10-18,bier,1210,2.95,2023-09-03
178,2022-10-18,chips,502,0.19,2023-10-18
179,2022-10-18,brood,408,0.10,2022-10-19
180,2022-10-18,cola,810,0.83,2023-06-15
181,2022-10-19,bananen,2010,0.65,2022-10-23
182,2022-10-19,appels,4099,0.09,2022-10-26
183,2022-10-19,peren,3002,0.17,2022-10-24
184,2022-10-19,kip,1008,2.59,2022-10-26
185,2022-10-19,rund,808,2.29,2022-10-25
186,2022-10-19,vis,608,2.59,2022-10-25
187,2022-10-19,bier,1201,1.16,2023-09-04
188,2022-10-19,chips,501,1.83,2023-10-19
189,2022-10-19,brood,408,0.25,2022-10-20
190,2022-10-19,cola,807,1.01,2023-06-16
191,2022-10-20,bananen,2004,0.99,2022-10-24
192,2022-10-20,appels,4070,0.29,2022-10-27
193,2022-10-20,peren,3010,0.97,2022-10-25
194,2022-10-20,kip,1006,1.77,2022-10-27
195,2022-10-20,rund,810,2.02,2022-10-26
196,2022-10-20,vis,610,2.55,2022-10-26
197,2022-10-20,bier,1207,1.22,2023-09-05
198,2022-10-20,chips,501,0.58,2023-10-20
199,2022-10-20,brood,410,0.43,2022-10-21
200,2022-10-20,cola,805,0.38,2023-06-17
201,2022-10-21,bananen,2002,0.80,2022-10-25
202,2022-10-21,appels,4093,0.39,2022-10-28
203,2022-10-21,peren,3003,0.36,2022-10-26
204,2022-10-21,kip,1004,1.07,2022-10-28
205,2022-10-21,rund,802,2.54,2022-10-27
206,2022-10-21,vis,603,3.16,2022-10-27
207,2022-10-21,bier,1206,2.38,2023-09-06
208,2022-10-21,chips,502,1.22,2023-10-21
209,2022-10-21,brood,406,0.41,2022-10-22
210,2022-10-21,cola,807,0.31,2023-06-18
211,2022-10-22,bananen,2004,0.86,2022-10-26
212,2022-10-22,appels,4096,0.17,2022-10-29
213,2022-10-22,peren,3010,1.00,2022-10-27
214,2022-10-22,kip,1006,1.36,2022-10-29
215,2022-10-22,rund,800,3.69,2022-10-28
216,2022-10-22,vis,602,3.94,2022-10-28
217,2022-10-22,bier,1210,1.51,2023-09-07
218,2022-10-22,chips,502,0.32,2023-10-22
219,2022-10-22,brood,404,0.00,2022-10-23
220,2022-10-22,cola,806,0.29,2023-06-19
221,2022-10-23,bananen,2008,0.98,2022-10-27
222,2022-10-23,appels,4057,0.49,2022-10-30
223,2022-10-23,peren,3005,0.83,2022-10-28
224,2022-10-23,kip,1009,1.96,2022-10-30
225,2022-10-23,rund,804,2.27,2022-10-29
226,2022-10-23,vis,601,3.70,2022-10-29
227,2022-10-23,bier,1210,1.01,2023-09-08
228,2022-10-23,chips,505,1.42,2023-10-23
229,2022-10-23,brood,400,0.51,2022-10-24
230,2022-10-23,cola,800,1.51,2023-06-20
231,2022-10-24,bananen,2008,0.11,2022-10-28
232,2022-10-24,appels,4013,0.50,2022-10-31
233,2022-10-24,peren,3009,0.13,2022-10-29
234,2022-10-24,kip,1002,1.05,2022-10-31
235,2022-10-24,rund,804,2.74,2022-10-30
236,2022-10-24,vis,600,2.79,2022-10-30
237,2022-10-24,bier,1209,2.02,2023-09-09
238,2022-10-24,chips,500,0.82,2023-10-24
239,2022-10-24,brood,410,0.70,2022-10-25
240,2022-10-24,cola,800,1.08,2023-06-21
241,2022-10-25,bananen,2007,0.47,2022-10-29
242,2022-10-25,appels,4101,0.08,2022-11-01
243,2022-10-25,peren,3007,0.63,2022-10-30
244,2022-10-25,kip,1006,2.17,2022-11-01
245,2022-10-25,rund,803,2.11,2022-10-31
246,2022-10-25,vis,601,2.18,2022-10-31
247,2022-10-25,bier,1200,1.01,2023-09-10
248,2022-10-25,chips,503,0.26,2023-10-25
249,2022-10-25,brood,408,0.88,2022-10-26
250,2022-10-25,cola,802,1.86,2023-06-22
251,2022-10-26,bananen,2001,0.63,2022-10-30
252,2022-10-26,appels,4010,0.81,2022-11-02
253,2022-10-26,peren,3004,0.25,2022-10-31
254,2022-10-26,kip,1003,2.82,2022-11-02
255,2022-10-26,rund,806,2.94,2022-11-01
256,2022-10-26,vis,600,2.29,2022-11-01
257,2022-10-26,bier,1204,1.78,2023-09-11
258,2022-10-26,chips,502,1.03,2023-10-26
259,2022-10-26,brood,408,0.73,2022-10-27
260,2022-10-26,cola,805,1.54,2023-06-23
261,2022-10-27,bananen,2001,0.95,2022-10-31
262,2022-10-27,appels,4110,0.07,2022-11-03
263,2022-10-27,peren,3001,0.06,2022-11-01
264,2022-10-27,kip,1002,1.92,2022-11-03
265,2022-10-27,rund,810,3.59,2022-11-02
266,2022-10-27,vis,605,2.90,2022-11-02
267,2022-10-27,bier,1206,2.19,2023-09-12
268,2022-10-27,chips,501,0.04,2023-10-27
269,2022-10-27,brood,401,0.79,2022-10-28
270,2022-10-27,cola,810,0.96,2023-06-24
271,2022-10-28,bananen,2010,0.15,2022-11-01
272,2022-10-28,appels,4106,0.07,2022-11-04
273,2022-10-28,peren,3010,0.17,2022-11-02
274,2022-10-28,kip,1009,2.48,2022-11-04
275,2022-10-28,rund,800,2.20,2022-11-03
276,2022-10-28,vis,603,3.84,2022-11-03
277,2022-10-28,bier,1201,1.72,2023-09-13
278,2022-10-28,chips,501,0.38,2023-10-28
279,2022-10-28,brood,407,0.60,2022-10-29
280,2022-10-28,cola,809,1.89,2023-06-25
281,2022-10-29,bananen,2001,0.57,2022-11-02
282,2022-10-29,appels,4089,0.85,2022-11-05
283,2022-10-29,peren,3000,0.55,2022-11-03
284,2022-10-29,kip,1010,2.47,2022-11-05
285,2022-10-29,rund,806,3.53,2022-11-04
286,2022-10-29,vis,605,2.54,2022-11-04
287,2022-10-29,bier,1210,1.69,2023-09-14
288,2022-10-29,chips,503,1.84,2023-10-29
289,2022-10-29,brood,401,0.08,2022-10-30
290,2022-10-29,cola,804,0.30,2023-06-26
291,2022-10-30,bananen,2004,0.33,2022-11-03
292,2022-10-30,appels,4044,0.71,2022-11-06
293,2022-10-30,peren,3002,0.49,2022-11-04
294,2022-10-30,kip,1000,2.57,2022-11-06
295,2022-10-30,rund,802,3.48,2022-11-05
296,2022-10-30,vis,609,2.09,2022-11-05
297,2022-10-30,bier,1209,2.44,2023-09-15
298,2022-10-30,chips,508,1.07,2023-10-30
299,2022-10-30,brood,402,0.20,2022-10-31
300,2022-10-30,cola,803,0.54,2023-06-27
301,2022-10-31,bananen,2010,0.69,2022-11-04
302,2022-10-31,appels,4073,0.29,2022-11-07
303,2022-10-31,peren,3001,0.51,2022-11-05
304,2022-10-31,kip,1002,2.18,2022-11-07
305,2022-10-31,rund,807,2.39,2022-11-06
306,2022-10-31,vis,605,3.48,2022-11-06
307,2022-10-31,bier,1207,1.82,2023-09-16
308,2022-10-31,chips,506,0.06,2023-10-31
309,2022-10-31,brood,402,0.98,2022-11-01
310,2022-10-31,cola,806,0.58,2023-06-28
311,2022-11-01,bananen,2001,0.98,2022-11-05
312,2022-11-01,appels,4093,1.00,2022-11-08
313,2022-11-01,peren,3003,0.21,2022-11-06
314,2022-11-01,kip,1007,2.66,2022-11-08
315,2022-11-01,rund,808,2.68,2022-11-07
316,2022-11-01,vis,609,3.49,2022-11-07
317,2022-11-01,bier,1203,2.16,2023-09-17
318,2022-11-01,chips,503,0.17,2023-11-01
319,2022-11-01,brood,407,0.34,2022-11-02
320,2022-11-01,cola,800,1.72,2023-06-29
321,2022-11-02,bananen,2008,0.35,2022-11-06
322,2022-11-02,appels,4092,0.68,2022-11-09
323,2022-11-02,peren,3009,0.64,2022-11-07
324,2022-11-02,kip,1000,2.60,2022-11-09
325,2022-11-02,rund,800,3.79,2022-11-08
326,2022-11-02,vis,603,3.59,2022-11-08
327,2022-11-02,bier,1209,1.62,2023-09-18
328,2022-11-02,chips,505,1.18,2023-11-02
329,2022-11-02,brood,400,0.11,2022-11-03
330,2022-11-02,cola,809,0.14,2023-06-30
331,2022-11-03,bananen,2000,0.94,2022-11-07
332,2022-11-03,appels,4077,0.91,2022-11-10
333,2022-11-03,peren,3004,0.67,2022-11-08
334,2022-11-03,kip,1004,1.78,2022-11-10
335,2022-11-03,rund,807,2.68,2022-11-09
336,2022-11-03,vis,601,2.10,2022-11-09
337,2022-11-03,bier,1204,1.61,2023-09-19
338,2022-11-03,chips,504,1.92,2023-11-03
339,2022-11-03,brood,406,0.91,2022-11-04
340,2022-11-03,cola,800,1.91,2023-07-01
341,2022-11-04,bananen,2001,0.26,2022-11-08
342,2022-11-04,appels,4087,0.91,2022-11-11
343,2022-11-04,peren,3008,0.82,2022-11-09
344,2022-11-04,kip,1008,2.12,2022-11-11
345,2022-11-04,rund,809,3.44,2022-11-10
346,2022-11-04,vis,608,3.79,2022-11-10
347,2022-11-04,bier,1209,1.49,2023-09-20
348,2022-11-04,chips,505,0.68,2023-11-04
349,2022-11-04,brood,405,0.11,2022-11-05
350,2022-11-04,cola,803,1.40,2023-07-02
351,2022-11-05,bananen,2006,0.85,2022-11-09
352,2022-11-05,appels,4019,0.27,2022-11-12
353,2022-11-05,peren,3007,0.79,2022-11-10
354,2022-11-05,kip,1005,1.25,2022-11-12
355,2022-11-05,rund,801,2.56,2022-11-11
356,2022-11-05,vis,602,2.48,2022-11-11
357,2022-11-05,bier,1204,2.94,2023-09-21
358,2022-11-05,chips,501,1.43,2023-11-05
359,2022-11-05,brood,404,0.31,2022-11-06
360,2022-11-05,cola,804,0.78,2023-07-03
361,2022-11-06,bananen,2002,0.61,2022-11-10
362,2022-11-06,appels,4095,0.58,2022-11-13
363,2022-11-06,peren,3005,0.62,2022-11-11
364,2022-11-06,kip,1003,1.93,2022-11-13
365,2022-11-06,rund,805,2.39,2022-11-12
366,2022-11-06,vis,610,3.15,2022-11-12
367,2022-11-06,bier,1207,2.98,2023-09-22
368,2022-11-06,chips,505,1.75,2023-11-06
369,2022-11-06,brood,400,0.20,2022-11-07
370,2022-11-06,cola,807,1.70,2023-07-04
371,2022-11-07,bananen,2001,0.05,2022-11-11
372,2022-11-07,appels,4068,0.96,2022-11-14
373,2022-11-07,peren,3006,0.04,2022-11-12
374,2022-11-07,kip,1006,1.54,2022-11-14
375,2022-11-07,rund,806,2.83,2022-11-13
376,2022-11-07,vis,602,3.70,2022-11-13
377,2022-11-07,bier,1209,2.58,2023-09-23
378,2022-11-07,chips,502,1.85,2023-11-07
379,2022-11-07,brood,410,0.25,2022-11-08
380,2022-11-07,cola,805,0.83,2023-07-05
381,2022-11-08,bananen,2000,0.08,2022-11-12
382,2022-11-08,appels,4033,0.99,2022-11-15
383,2022-11-08,peren,3004,0.37,2022-11-13
384,2022-11-08,kip,1000,2.22,2022-11-15
385,2022-11-08,rund,803,3.28,2022-11-14
386,2022-11-08,vis,607,2.86,2022-11-14
387,2022-11-08,bier,1202,1.24,2023-09-24
388,2022-11-08,chips,503,1.03,2023-11-08
389,2022-11-08,brood,403,0.14,2022-11-09
390,2022-11-08,cola,808,0.92,2023-07-06
391,2022-11-09,bananen,2008,0.73,2022-11-13
392,2022-11-09,appels,4038,0.90,2022-11-16
393,2022-11-09,peren,3007,0.13,2022-11-14
394,2022-11-09,kip,1000,2.74,2022-11-16
395,2022-11-09,rund,802,3.20,2022-11-15
396,2022-11-09,vis,601,3.60,2022-11-15
397,2022-11-09,bier,1206,2.86,2023-09-25
398,2022-11-09,chips,508,1.63,2023-11-09
399,2022-11-09,brood,404,0.81,2022-11-10
400,2022-11-09,cola,810,0.81,2023-07-07
401,2022-11-10,bananen,2001,0.24,2022-11-14
402,2022-11-10,appels,4064,0.17,2022-11-17
403,2022-11-10,peren,3003,0.28,2022-11-15
404,2022-11-10,kip,1004,2.93,2022-11-17
405,2022-11-10,rund,802,3.51,2022-11-16
406,2022-11-10,vis,601,2.74,2022-11-16
407,2022-11-10,bier,1201,1.20,2023-09-26
408,2022-11-10,chips,505,1.12,2023-11-10
409,2022-11-10,brood,402,0.81,2022-11-11
410,2022-11-10,cola,807,1.96,2023-07-08
411,2022-11-11,bananen,2010,0.57,2022-11-15
412,2022-11-11,appels,4048,0.71,2022-11-18
413,2022-11-11,peren,3003,0.50,2022-11-16
414,2022-11-11,kip,1005,1.06,2022-11-18
415,2022-11-11,rund,802,3.31,2022-11-17
416,2022-11-11,vis,608,3.77,2022-11-17
417,2022-11-11,bier,1203,1.06,2023-09-27
418,2022-11-11,chips,507,1.98,2023-11-11
419,2022-11-11,brood,402,0.21,2022-11-12
420,2022-11-11,cola,805,0.88,2023-07-09
421,2022-11-12,bananen,2003,0.16,2022-11-16
422,2022-11-12,appels,4083,0.44,2022-11-19
423,2022-11-12,peren,3006,0.10,2022-11-17
424,2022-11-12,kip,1001,1.19,2022-11-19
425,2022-11-12,rund,802,3.36,2022-11-18
426,2022-11-12,vis,603,2.61,2022-11-18
427,2022-11-12,bier,1201,2.66,2023-09-28
428,2022-11-12,chips,503,1.59,2023-11-12
429,2022-11-12,brood,410,0.85,2022-11-13
430,2022-11-12,cola,800,0.03,2023-07-10
431,2022-11-13,bananen,2007,0.43,2022-11-17
432,2022-11-13,appels,4017,0.82,2022-11-20
433,2022-11-13,peren,3004,0.18,2022-11-18
434,2022-11-13,kip,1010,1.50,2022-11-20
435,2022-11-13,rund,810,3.24,2022-11-19
436,2022-11-13,vis,606,2.60,2022-11-19
437,2022-11-13,bier,1204,2.17,2023-09-29
438,2022-11-13,chips,502,1.69,2023-11-13
439,2022-11-13,brood,402,0.05,2022-11-14
440,2022-11-13,cola,807,0.13,2023-07-11
441,2022-11-14,bananen,2002,0.26,2022-11-18
442,2022-11-14,appels,4019,0.41,2022-11-21
443,2022-11-14,peren,3002,0.93,2022-11-19
444,2022-11-14,kip,1001,1.95,2022-11-21
445,2022-11-14,rund,803,3.06,2022-11-20
446,2022-11-14,vis,608,2.64,2022-11-20
447,2022-11-14,bier,1203,2.57,2023-09-30
448,2022-11-14,chips,501,1.69,2023-11-14
449,2022-11-14,brood,404,0.99,2022-11-15
450,2022-11-14,cola,806,0.73,2023-07-12
451,2022-11-15,bananen,2007,0.09,2022-11-19
452,2022-11-15,appels,4008,0.64,2022-11-22
453,2022-11-15,peren,3005,0.77,2022-11-20
454,2022-11-15,kip,1008,2.68,2022-11-22
455,2022-11-15,rund,805,3.24,2022-11-21
456,2022-11-15,vis,602,2.08,2022-11-21
457,2022-11-15,bier,1203,1.55,2023-10-01
458,2022-11-15,chips,505,1.89,2023-11-15
459,2022-11-15,brood,408,0.27,2022-11-16
460,2022-11-15,cola,810,0.16,2023-07-13
461,2022-11-16,bananen,2000,0.95,2022-11-20
462,2022-11-16,appels,4062,0.27,2022-11-23
463,2022-11-16,peren,3003,0.69,2022-11-21
464,2022-11-16,kip,1000,2.67,2022-11-23
465,2022-11-16,rund,807,2.71,2022-11-22
466,2022-11-16,vis,604,3.55,2022-11-22
467,2022-11-16,bier,1210,2.27,2023-10-02
468,2022-11-16,chips,503,0.62,2023-11-16
469,2022-11-16,brood,409,0.75,2022-11-17
470,2022-11-16,cola,802,0.20,2023-07-14
471,2022-11-17,bananen,2000,0.96,2022-11-21
472,2022-11-17,appels,4048,0.26,2022-11-24
473,2022-11-17,peren,3006,0.52,2022-11-22
474,2022-11-17,kip,1000,1.62,2022-11-24
475,2022-11-17,rund,805,3.39,2022-11-23
476,2022-11-17,vis,600,2.61,2022-11-23
477,2022-11-17,bier,1203,1.49,2023-10-03
478,2022-11-17,chips,503,1.31,2023-11-17
479,2022-11-17,brood,407,0.40,2022-11-18
480,2022-11-17,cola,807,1.94,2023-07-15
481,2022-11-18,bananen,2004,0.98,2022-11-22
482,2022-11-18,appels,4000,0.98,2022-11-25
483,2022-11-18,peren,3002,0.04,2022-11-23
484,2022-11-18,kip,1003,1.35,2022-11-25
485,2022-11-18,rund,802,3.42,2022-11-24
486,2022-11-18,vis,608,2.73,2022-11-24
487,2022-11-18,bier,1203,2.58,2023-10-04
488,2022-11-18,chips,508,0.74,2023-11-18
489,2022-11-18,brood,403,0.02,2022-11-19
490,2022-11-18,cola,808,0.81,2023-07-16
491,2022-11-19,bananen,2004,0.10,2022-11-23
492,2022-11-19,appels,4022,0.40,2022-11-26
493,2022-11-19,peren,3000,0.09,2022-11-24
494,2022-11-19,kip,1006,1.71,2022-11-26
495,2022-11-19,rund,800,2.94,2022-11-25
496,2022-11-19,vis,601,3.10,2022-11-25
497,2022-11-19,bier,1205,1.15,2023-10-05
498,2022-11-19,chips,501,1.27,2023-11-19
499,2022-11-19,brood,401,0.08,2022-11-20
500,2022-11-19,cola,800,0.65,2023-07-17
501,2022-11-20,bananen,2002,0.21,2022-11-24
502,2022-11-20,appels,4061,0.71,2022-11-27
503,2022-11-20,peren,3009,0.72,2022-11-25
504,2022-11-20,kip,1009,1.25,2022-11-27
505,2022-11-20,rund,803,2.80,2022-11-26
506,2022-11-20,vis,600,2.89,2022-11-26
507,2022-11-20,bier,1204,2.50,2023-10-06
508,2022-11-20,chips,508,1.62,2023-11-20
509,2022-11-20,brood,402,0.72,2022-11-21
510,2022-11-20,cola,808,0.80,2023-07-18
511,2022-11-21,bananen,2000,0.47,2022-11-25
512,2022-11-21,appels,4065,0.23,2022-11-28
513,2022-11-21,peren,3002,0.74,2022-11-26
514,2022-11-21,kip,1007,2.10,2022-11-28
515,2022-11-21,rund,804,3.52,2022-11-27
516,2022-11-21,vis,604,3.20,2022-11-27
517,2022-11-21,bier,1208,2.97,2023-10-07
518,2022-11-21,chips,506,1.99,2023-11-21
519,2022-11-21,brood,406,0.87,2022-11-22
520,2022-11-21,cola,801,0.68,2023-07-19
521,2022-11-22,bananen,2003,0.22,2022-11-26
522,2022-11-22,appels,4067,0.44,2022-11-29
523,2022-11-22,peren,3007,0.35,2022-11-27
524,2022-11-22,kip,1010,2.11,2022-11-29
525,2022-11-22,rund,803,2.71,2022-11-28
526,2022-11-22,vis,600,3.22,2022-11-28
527,2022-11-22,bier,1210,1.43,2023-10-08
528,2022-11-22,chips,500,1.65,2023-11-22
529,2022-11-22,brood,405,0.87,2022-11-23
530,2022-11-22,cola,800,1.33,2023-07-20
531,2022-11-23,bananen,2003,0.58,2022-11-27
532,2022-11-23,appels,4108,0.40,2022-11-30
533,2022-11-23,peren,3001,0.11,2022-11-28
534,2022-11-23,kip,1000,2.07,2022-11-30
535,2022-11-23,rund,810,3.15,2022-11-29
536,2022-11-23,vis,600,2.80,2022-11-29
537,2022-11-23,bier,1201,2.41,2023-10-09
538,2022-11-23,chips,501,1.22,2023-11-23
539,2022-11-23,brood,405,0.17,2022-11-24
540,2022-11-23,cola,806,1.89,2023-07-21
541,2022-11-24,bananen,2000,0.83,2022-11-28
542,2022-11-24,appels,4106,0.62,2022-12-01
543,2022-11-24,peren,3008,0.14,2022-11-29
544,2022-11-24,kip,1009,2.38,2022-12-01
545,2022-11-24,rund,806,3.76,2022-11-30
546,2022-11-24,vis,609,3.83,2022-11-30
547,2022-11-24,bier,1206,1.71,2023-10-10
548,2022-11-24,chips,506,1.52,2023-11-24
549,2022-11-24,brood,401,0.99,2022-11-25
550,2022-11-24,cola,802,0.23,2023-07-22
551,2022-11-25,bananen,2009,0.87,2022-11-29
552,2022-11-25,appels,4037,0.25,2022-12-02
553,2022-11-25,peren,3002,0.96,2022-11-30
554,2022-11-25,kip,1001,1.66,2022-12-02
555,2022-11-25,rund,808,3.45,2022-12-01
556,2022-11-25,vis,606,3.47,2022-12-01
557,2022-11-25,bier,1207,2.86,2023-10-11
558,2022-11-25,chips,507,1.03,2023-11-25
559,2022-11-25,brood,405,0.25,2022-11-26
560,2022-11-25,cola,800,0.23,2023-07-23
561,2022-11-26,bananen,2007,0.46,2022-11-30
562,2022-11-26,appels,4022,0.65,2022-12-03
563,2022-11-26,peren,3008,0.56,2022-12-01
564,2022-11-26,kip,1000,2.21,2022-12-03
565,2022-11-26,rund,809,2.21,2022-12-02
566,2022-11-26,vis,605,3.49,2022-12-02
567,2022-11-26,bier,1206,2.67,2023-10-12
568,2022-11-26,chips,501,0.36,2023-11-26
569,2022-11-26,brood,404,0.51,2022-11-27
570,2022-11-26,cola,804,0.93,2023-07-24
571,2022-11-27,bananen,2008,0.68,2022-12-01
572,2022-11-27,appels,4024,0.82,2022-12-04
573,2022-11-27,peren,3001,0.34,2022-12-02
574,2022-11-27,kip,1004,2.30,2022-12-04
575,2022-11-27,rund,807,2.00,2022-12-03
576,2022-11-27,vis,601,2.54,2022-12-03
577,2022-11-27,bier,1202,2.99,2023-10-13
578,2022-11-27,chips,507,1.64,2023-11-27
579,2022-11-27,brood,410,0.14,2022-11-28
580,2022-11-27,cola,806,1.24,2023-07-25
581,2022-11-28,bananen,2004,0.06,2022-12-02
582,2022-11-28,appels,4074,0.07,2022-12-05
583,2022-11-28,peren,3008,0.48,2022-12-03
584,2022-11-28,kip,1008,2.90,2022-12-05
585,2022-11-28,rund,810,3.40,2022-12-04
586,2022-11-28,vis,608,2.70,2022-12-04
587,2022-11-28,bier,1206,1.06,2023-10-14
588,2022-11-28,chips,504,0.97,2023-11-28
589,2022-11-28,brood,410,0.61,2022-11-29
590,2022-11-28,cola,809,1.11,2023-07-26
591,2022-11-29,bananen,2001,0.75,2022-12-03
592,2022-11-29,appels,4108,0.13,2022-12-06
593,2022-11-29,peren,3004,0.69,2022-12-04
594,2022-11-29,kip,1003,2.03,2022-12-06
595,2022-11-29,rund,807,2.26,2022-12-05
596,2022-11-29,vis,609,2.78,2022-12-05
597,2022-11-29,bier,1203,1.61,2023-10-15
598,2022-11-29,chips,504,1.78,2023-11-29
599,2022-11-29,brood,405,0.40,2022-11-30
600,2022-11-29,cola,806,0.47,2023-07-27
601,2022-11-30,bananen,2008,0.50,2022-12-04
602,2022-11-30,appels,4017,0.41,2022-12-07
603,2022-11-30,peren,3007,0.79,2022-12-05
604,2022-11-30,kip,1006,1.65,2022-12-07
605,2022-11-30,rund,806,3.40,2022-12-06
606,2022-11-30,vis,605,3.89,2022-12-06
607,2022-11-30,bier,1203,1.84,2023-10-16
608,2022-11-30,chips,505,0.45,2023-11-30
609,2022-11-30,brood,404,0.55,2022-12-01
610,2022-11-30,cola,810,1.73,2023-07-28
611,2022-12-01,bananen,2006,0.08,2022-12-05
612,2022-12-01,appels,4058,0.21,2022-12-08
613,2022-12-01,peren,3010,0.37,2022-12-06
614,2022-12-01,kip,1009,2.62,2022-12-08
615,2022-12-01,rund,801,3.31,2022-12-07
616,2022-12-01,vis,609,3.34,2022-12-07
617,2022-12-01,bier,1201,2.25,2023-10-17
618,2022-12-01,chips,501,1.23,2023-12-01
619,2022-12-01,brood,409,0.73,2022-12-02
620,2022-12-01,cola,800,1.06,2023-07-29
621,2022-12-02,bananen,2004,0.10,2022-12-06
622,2022-12-02,appels,4067,0.86,2022-12-09
623,2022-12-02,peren,3007,0.60,2022-12-07
624,2022-12-02,kip,1009,2.97,2022-12-09
625,2022-12-02,rund,805,3.46,2022-12-08
626,2022-12-02,vis,608,3.03,2022-12-08
627,2022-12-02,bier,1210,2.44,2023-10-18
628,2022-12-02,chips,508,0.40,2023-12-02
629,2022-12-02,brood,409,0.24,2022-12-03
630,2022-12-02,cola,808,0.73,2023-07-30
631,2022-12-03,bananen,2006,0.17,2022-12-07
632,2022-12-03,appels,4071,0.70,2022-12-10
633,2022-12-03,peren,3007,0.80,2022-12-08
634,2022-12-03,kip,1004,2.70,2022-12-10
635,2022-12-03,rund,804,4.00,2022-12-09
636,2022-12-03,vis,607,2.77,2022-12-09
637,2022-12-03,bier,1210,1.38,2023-10-19
638,2022-12-03,chips,508,1.01,2023-12-03
639,2022-12-03,brood,404,0.62,2022-12-04
640,2022-12-03,cola,801,1.97,2023-07-31
641,2022-12-04,bananen,2002,0.35,2022-12-08
642,2022-12-04,appels,4040,0.26,2022-12-11
643,2022-12-04,peren,3009,0.91,2022-12-09
644,2022-12-04,kip,1005,1.68,2022-12-11
645,2022-12-04,rund,805,3.09,2022-12-10
646,2022-12-04,vis,602,2.27,2022-12-10
647,2022-12-04,bier,1201,1.09,2023-10-20
648,2022-12-04,chips,507,1.99,2023-12-04
649,2022-12-04,brood,404,0.25,2022-12-05
650,2022-12-04,cola,803,0.65,2023-08-01
651,2022-12-05,bananen,2004,0.84,2022-12-09
652,2022-12-05,appels,4008,0.34,2022-12-12
653,2022-12-05,peren,3001,0.53,2022-12-10
654,2022-12-05,kip,1005,2.22,2022-12-12
655,2022-12-05,rund,802,3.52,2022-12-11
656,2022-12-05,vis,605,3.02,2022-12-11
657,2022-12-05,bier,1210,1.02,2023-10-21
658,2022-12-05,chips,505,1.27,2023-12-05
659,2022-12-05,brood,405,0.01,2022-12-06
660,2022-12-05,cola,808,0.56,2023-08-02
661,2022-12-06,bananen,2005,0.25,2022-12-10
662,2022-12-06,appels,4025,0.79,2022-12-13
663,2022-12-06,peren,3008,0.78,2022-12-11
664,2022-12-06,kip,1005,2.35,2022-12-13
665,2022-12-06,rund,810,2.51,2022-12-12
666,2022-12-06,vis,602,2.50,2022-12-12
667,2022-12-06,bier,1209,2.11,2023-10-22
668,2022-12-06,chips,503,0.61,2023-12-06
669,2022-12-06,brood,400,0.33,2022-12-07
670,2022-12-06,cola,801,1.84,2023-08-03
671,2022-12-07,bananen,2000,0.55,2022-12-11
672,2022-12-07,appels,4089,0.83,2022-12-14
673,2022-12-07,peren,3003,0.46,2022-12-12
674,2022-12-07,kip,1004,1.19,2022-12-14
675,2022-12-07,rund,810,2.59,2022-12-13
676,2022-12-07,vis,603,2.53,2022-12-13
677,2022-12-07,bier,1208,2.02,2023-10-23
678,2022-12-07,chips,507,1.32,2023-12-07
679,2022-12-07,brood,404,0.67,2022-12-08
680,2022-12-07,cola,805,0.25,2023-08-04
681,2022-12-08,bananen,2001,0.05,2022-12-12
682,2022-12-08,appels,4072,0.88,2022-12-15
683,2022-12-08,peren,3001,0.79,2022-12-13
684,2022-12-08,kip,1001,2.29,2022-12-15
685,2022-12-08,rund,804,3.94,2022-12-14
686,2022-12-08,vis,603,3.46,2022-12-14
687,2022-12-08,bier,1206,2.67,2023-10-24
688,2022-12-08,chips,500,0.09,2023-12-08
689,2022-12-08,brood,406,0.90,2022-12-09
690,2022-12-08,cola,802,0.82,2023-08-05
691,2022-12-09,bananen,2009,0.65,2022-12-13
692,2022-12-09,appels,4070,0.40,2022-12-16
693,2022-12-09,peren,3008,0.63,2022-12-14
694,2022-12-09,kip,1010,1.91,2022-12-16
695,2022-12-09,rund,803,3.09,2022-12-15
696,2022-12-09,vis,608,2.71,2022-12-15
697,2022-12-09,bier,1202,1.57,2023-10-25
698,2022-12-09,chips,504,1.25,2023-12-09
699,2022-12-09,brood,405,0.86,2022-12-10
700,2022-12-09,cola,806,1.35,2023-08-06
701,2022-12-10,bananen,2005,0.46,2022-12-14
702,2022-12-10,appels,4026,0.92,2022-12-17
703,2022-12-10,peren,3004,0.29,2022-12-15
704,2022-12-10,kip,1000,1.42,2022-12-17
705,2022-12-10,rund,803,3.62,2022-12-16
706,2022-12-10,vis,603,3.66,2022-12-16
707,2022-12-10,bier,1204,1.54,2023-10-26
708,2022-12-10,chips,508,0.22,2023-12-10
709,2022-12-10,brood,402,0.55,2022-12-11
710,2022-12-10,cola,802,0.27,2023-08-07
711,2022-12-11,bananen,2010,0.72,2022-12-15
712,2022-12-11,appels,4001,0.79,2022-12-18
713,2022-12-11,peren,3008,0.16,2022-12-16
714,2022-12-11,kip,1008,1.43,2022-12-18
715,2022-12-11,rund,800,2.58,2022-12-17
716,2022-12-11,vis,609,2.00,2022-12-17
717,2022-12-11,bier,1203,2.35,2023-10-27
718,2022-12-11,chips,500,0.30,2023-12-11
719,2022-12-11,brood,402,0.83,2022-12-12
720,2022-12-11,cola,806,0.50,2023-08-08
721,2022-12-12,bananen,2007,0.61,2022-12-16
722,2022-12-12,appels,4106,0.36,2022-12-19
723,2022-12-12,peren,3002,0.85,2022-12-17
724,2022-12-12,kip,1010,2.71,2022-12-19
725,2022-12-12,rund,802,3.77,2022-12-18
726,2022-12-12,vis,609,3.70,2022-12-18
727,2022-12-12,bier,1201,1.86,2023-10-28
728,2022-12-12,chips,504,1.47,2023-12-12
729,2022-12-12,brood,402,0.12,2022-12-13
730,2022-12-12,cola,809,0.56,2023-08-09
731,2022-12-13,bananen,2001,0.49,2022-12-17
732,2022-12-13,appels,4034,0.90,2022-12-20
733,2022-12-13,peren,3002,0.29,2022-12-18
734,2022-12-13,kip,1000,2.77,2022-12-20
735,2022-12-13,rund,805,2.14,2022-12-19
736,2022-12-13,vis,607,2.88,2022-12-19
737,2022-12-13,bier,1209,1.97,2023-10-29
738,2022-12-13,chips,500,1.47,2023-12-13
739,2022-12-13,brood,404,0.03,2022-12-14
740,2022-12-14,bananen,2007,0.47,2022-12-18
741,2022-12-14,appels,4031,0.57,2022-12-21
742,2022-12-14,peren,3009,0.90,2022-12-19
743,2022-12-14,kip,1002,1.73,2022-12-21
744,2022-12-14,rund,809,3.25,2022-12-20
745,2022-12-14,vis,602,2.34,2022-12-20
746,2022-12-14,bier,1203,2.57,2023-10-30
747,2022-12-14,chips,504,0.59,2023-12-14
748,2022-12-14,brood,409,0.80,2022-12-15
749,2022-12-14,cola,809,1.46,2023-08-11
750,2022-12-15,bananen,2004,0.55,2022-12-19
751,2022-12-15,appels,4088,0.41,2022-12-22
752,2022-12-15,peren,3007,0.12,2022-12-20
753,2022-12-15,kip,1009,1.37,2022-12-22
754,2022-12-15,rund,803,2.09,2022-12-21
755,2022-12-15,vis,600,2.25,2022-12-21
756,2022-12-15,bier,1206,2.74,2023-10-31
757,2022-12-15,chips,506,0.25,2023-12-15
758,2022-12-15,brood,401,0.93,2022-12-16
759,2022-12-15,cola,810,1.32,2023-08-12
760,2022-12-16,bananen,2007,0.45,2022-12-20
761,2022-12-16,appels,4038,0.66,2022-12-23
762,2022-12-16,peren,3008,0.94,2022-12-21
763,2022-12-16,kip,1007,2.10,2022-12-23
764,2022-12-16,rund,809,2.36,2022-12-22
765,2022-12-16,vis,605,2.56,2022-12-22
766,2022-12-16,bier,1206,1.89,2023-11-01
767,2022-12-16,chips,501,0.14,2023-12-16
768,2022-12-16,brood,402,0.54,2022-12-17
769,2022-12-16,cola,808,0.93,2023-08-13
770,2022-12-17,bananen,2006,0.28,2022-12-21
771,2022-12-17,appels,4058,0.39,2022-12-24
772,2022-12-17,peren,3000,0.86,2022-12-22
773,2022-12-17,kip,1010,2.57,2022-12-24
774,2022-12-17,rund,808,3.14,2022-12-23
775,2022-12-17,vis,600,2.14,2022-12-23
776,2022-12-17,bier,1210,1.00,2023-11-02
777,2022-12-17,chips,504,1.87,2023-12-17
778,2022-12-17,brood,409,0.65,2022-12-18
779,2022-12-17,cola,805,0.93,2023-08-14
780,2022-12-18,bananen,2007,0.73,2022-12-22
781,2022-12-18,appels,4103,0.35,2022-12-25
782,2022-12-18,peren,3000,0.06,2022-12-23
783,2022-12-18,kip,1003,2.08,2022-12-25
784,2022-12-18,rund,808,3.99,2022-12-24
785,2022-12-18,vis,607,2.46,2022-12-24
786,2022-12-18,bier,1208,2.44,2023-11-03
787,2022-12-18,chips,500,0.01,2023-12-18
788,2022-12-18,brood,409,0.03,2022-12-19
789,2022-12-18,cola,807,0.64,2023-08-15
790,2022-12-19,bananen,2006,0.45,2022-12-23
791,2022-12-19,appels,4080,0.14,2022-12-26
792,2022-12-19,peren,3002,0.35,2022-12-24
793,2022-12-19,kip,1006,2.85,2022-12-26
794,2022-12-19,rund,807,3.92,2022-12-25
795,2022-12-19,vis,608,2.80,2022-12-25
796,2022-12-19,bier,1209,1.46,2023-11-04
797,2022-12-19,chips,505,0.00,2023-12-19
798,2022-12-19,brood,405,0.39,2022-12-20
799,2022-12-19,cola,807,1.57,2023-08-16
800,2022-12-20,bananen,2005,0.90,2022-12-24
801,2022-12-20,appels,4000,0.42,2022-12-27
802,2022-12-20,peren,3005,1.00,2022-12-25
803,2022-12-20,kip,1005,1.63,2022-12-27
804,2022-12-20,rund,809,2.57,2022-12-26
805,2022-12-20,vis,605,3.21,2022-12-26
806,2022-12-20,bier,1202,1.88,2023-11-05
807,2022-12-20,chips,508,1.74,2023-12-20
808,2022-12-20,brood,404,0.07,2022-12-21
809,2022-12-20,cola,800,0.92,2023-08-17
810,2022-12-21,bananen,2009,0.17,2022-12-25
811,2022-12-21,appels,4065,0.87,2022-12-28
812,2022-12-21,peren,3007,0.48,2022-12-26
813,2022-12-21,kip,1000,2.85,2022-12-28
814,2022-12-21,rund,801,2.03,2022-12-27
815,2022-12-21,vis,609,3.05,2022-12-27
816,2022-12-21,bier,1204,2.23,2023-11-06
817,2022-12-21,chips,505,0.18,2023-12-21
818,2022-12-21,brood,405,0.16,2022-12-22
819,2022-12-21,cola,801,1.44,2023-08-18
820,2022-12-22,bananen,2009,0.13,2022-12-26
821,2022-12-22,appels,4010,0.06,2022-12-29
822,2022-12-22,peren,3010,0.62,2022-12-27
823,2022-12-22,kip,1001,2.69,2022-12-29
824,2022-12-22,rund,806,3.38,2022-12-28
825,2022-12-22,vis,601,2.80,2022-12-28
826,2022-12-22,bier,1206,1.52,2023-11-07
827,2022-12-22,chips,500,1.69,2023-12-22
828,2022-12-22,brood,401,0.81,2022-12-23
829,2022-12-22,cola,806,0.97,2023-08-19
830,2022-12-23,bananen,2000,0.55,2022-12-27
831,2022-12-23,appels,4016,0.45,2022-12-30
832,2022-12-23,peren,3001,0.39,2022-12-28
833,2022-12-23,kip,1009,2.19,2022-12-30
834,2022-12-23,rund,804,3.90,2022-12-29
835,2022-12-23,vis,602,3.65,2022-12-29
836,2022-12-23,bier,1204,1.09,2023-11-08
837,2022-12-23,chips,502,1.40,2023-12-23
838,2022-12-23,brood,410,0.43,2022-12-24
839,2022-12-23,cola,803,0.96,2023-08-20
840,2022-12-24,bananen,2009,0.81,2022-12-28
841,2022-12-24,appels,4097,0.30,2022-12-31
842,2022-12-24,peren,3004,0.20,2022-12-29
843,2022-12-24,kip,1008,1.28,2022-12-31
844,2022-12-24,rund,810,2.45,2022-12-30
845,2022-12-24,vis,605,3.73,2022-12-30
846,2022-12-24,bier,1202,2.02,2023-11-09
847,2022-12-24,chips,501,0.19,2023-12-24
848,2022-12-24,brood,408,0.19,2022-12-25
849,2022-12-24,cola,807,1.41,2023-08-21
850,2022-12-25,bananen,2005,0.95,2022-12-29
851,2022-12-25,appels,4069,0.10,2023-01-01
852,2022-12-25,peren,3002,0.75,2022-12-30
853,2022-12-25,kip,1008,1.36,2023-01-01
854,2022-12-25,rund,810,2.53,2022-12-31
855,2022-12-25,vis,609,3.82,2022-12-31
856,2022-12-25,bier,1204,2.53,2023-11-10
857,2022-12-25,chips,507,0.77,2023-12-25
858,2022-12-25,brood,402,0.39,2022-12-26
859,2022-12-25,cola,805,0.58,2023-08-22
860,2022-12-26,bananen,2002,0.89,2022-12-30
861,2022-12-26,appels,4006,0.29,2023-01-02
862,2022-12-26,peren,3006,0.12,2022-12-31
863,2022-12-26,kip,1005,1.35,2023-01-02
864,2022-12-26,rund,807,2.79,2023-01-01
865,2022-12-26,vis,605,3.09,2023-01-01
866,2022-12-26,bier,1200,2.67,2023-11-11
867,2022-12-26,chips,507,1.32,2023-12-26
868,2022-12-26,brood,406,0.93,2022-12-27
869,2022-12-26,cola,809,0.15,2023-08-23
870,2022-12-27,bananen,2003,0.33,2022-12-31
871,2022-12-27,appels,4015,0.99,2023-01-03
872,2022-12-27,peren,3009,0.77,2023-01-01
873,2022-12-27,kip,1004,2.02,2023-01-03
874,2022-12-27,rund,807,3.56,2023-01-02
875,2022-12-27,vis,605,2.97,2023-01-02
876,2022-12-27,bier,1204,2.80,2023-11-12
877,2022-12-27,chips,501,1.81,2023-12-27
878,2022-12-27,brood,402,0.90,2022-12-28
879,2022-12-27,cola,801,0.58,2023-08-24
880,2022-12-28,bananen,2009,0.34,2023-01-01
881,2022-12-28,appels,4070,0.59,2023-01-04
882,2022-12-28,peren,3009,0.39,2023-01-02
883,2022-12-28,kip,1008,1.49,2023-01-04
884,2022-12-28,rund,805,3.73,2023-01-03
885,2022-12-28,vis,609,3.50,2023-01-03
886,2022-12-28,bier,1201,2.70,2023-11-13
887,2022-12-28,chips,504,1.37,2023-12-28
888,2022-12-28,brood,403,0.07,2022-12-29
889,2022-12-28,cola,805,0.24,2023-08-25
890,2022-12-29,bananen,2005,0.98,2023-01-02
891,2022-12-29,appels,4076,0.86,2023-01-05
892,2022-12-29,peren,3001,0.33,2023-01-03
893,2022-12-29,kip,1003,1.11,2023-01-05
894,2022-12-29,rund,804,2.27,2023-01-04
895,2022-12-29,vis,601,2.87,2023-01-04
896,2022-12-29,bier,1210,2.26,2023-11-14
897,2022-12-29,chips,503,1.31,2023-12-29
898,2022-12-29,brood,401,0.90,2022-12-30
899,2022-12-29,cola,801,1.03,2023-08-26
900,2022-12-30,bananen,2008,0.57,2023-01-03
901,2022-12-30,appels,4103,0.74,2023-01-06
902,2022-12-30,peren,3003,0.73,2023-01-04
903,2022-12-30,kip,1005,2.14,2023-01-06
904,2022-12-30,rund,803,2.64,2023-01-05
905,2022-12-30,vis,605,3.46,2023-01-05
906,2022-12-30,bier,1210,1.45,2023-11-15
907,2022-12-30,chips,507,0.20,2023-12-30
908,2022-12-30,brood,408,0.81,2022-12-31
909,2022-12-30,cola,800,1.54,2023-08-27
910,2022-12-31,bananen,2005,0.90,2023-01-04
911,2022-12-31,appels,4094,0.86,2023-01-07
912,2022-12-31,peren,3004,0.73,2023-01-05
913,2022-12-31,kip,1001,1.21,2023-01-07
914,2022-12-31,rund,807,3.42,2023-01-06
915,2022-12-31,vis,604,3.37,2023-01-06
916,2022-12-31,bier,1207,1.18,2023-11-16
917,2022-12-31,chips,501,0.04,2023-12-31
918,2022-12-31,brood,410,0.92,2023-01-01
919,2022-12-31,cola,807,1.30,2023-08-28
920,2023-01-01,bananen,2001,0.05,2023-01-05
921,2023-01-01,appels,4012,0.14,2023-01-08
922,2023-01-01,peren,3002,0.11,2023-01-06
923,2023-01-01,kip,1009,1.20,2023-01-08
924,2023-01-01,rund,806,3.92,2023-01-07
925,2023-01-01,vis,608,3.50,2023-01-07
926,2023-01-01,bier,1208,1.88,2023-11-17
927,2023-01-01,chips,504,1.89,2024-01-01
928,2023-01-01,brood,408,0.99,2023-01-02
929,2023-01-01,cola,810,0.04,2023-08-29
930,2023-01-02,bananen,2003,0.01,2023-01-06
931,2023-01-02,appels,4091,0.71,2023-01-09
932,2023-01-02,peren,3006,0.07,2023-01-07
933,2023-01-02,kip,1010,2.81,2023-01-09
934,2023-01-02,rund,803,3.20,2023-01-08
935,2023-01-02,vis,608,2.92,2023-01-08
936,2023-01-02,bier,1202,1.12,2023-11-18
937,2023-01-02,chips,500,1.44,2024-01-02
938,2023-01-02,brood,405,0.43,2023-01-03
939,2023-01-02,cola,810,0.57,2023-08-30
940,2023-01-03,bananen,2000,0.33,2023-01-07
941,2023-01-03,appels,4064,0.55,2023-01-10
942,2023-01-03,peren,3000,0.02,2023-01-08
943,2023-01-03,kip,1004,1.49,2023-01-10
944,2023-01-03,rund,809,3.39,2023-01-09
945,2023-01-03,vis,609,3.29,2023-01-09
946,2023-01-03,bier,1202,2.29,2023-11-19
947,2023-01-03,chips,505,0.85,2024-01-03
948,2023-01-03,brood,402,0.05,2023-01-04
949,2023-01-03,cola,808,0.01,2023-08-31
950,2023-01-04,bananen,2009,0.93,2023-01-08
951,2023-01-04,appels,4000,0.59,2023-01-11
952,2023-01-04,peren,3006,0.87,2023-01-09
953,2023-01-04,kip,1005,1.28,2023-01-11
954,2023-01-04,rund,807,2.09,2023-01-10
955,2023-01-04,vis,604,3.75,2023-01-10
956,2023-01-04,bier,1204,1.51,2023-11-20
957,2023-01-04,chips,505,1.77,2024-01-04
958,2023-01-04,brood,403,0.30,2023-01-05
959,2023-01-04,cola,800,1.74,2023-09-01
960,2023-01-05,bananen,2007,0.85,2023-01-09
961,2023-01-05,appels,4045,0.23,2023-01-12
962,2023-01-05,peren,3000,0.21,2023-01-10
963,2023-01-05,kip,1009,2.78,2023-01-12
964,2023-01-05,rund,810,3.05,2023-01-11
965,2023-01-05,vis,602,3.02,2023-01-11
966,2023-01-05,bier,1208,2.95,2023-11-21
967,2023-01-05,chips,506,0.66,2024-01-05
968,2023-01-05,brood,401,0.46,2023-01-06
969,2023-01-05,cola,809,1.87,2023-09-02
970,2023-01-06,bananen,2001,0.40,2023-01-10
971,2023-01-06,appels,4085,0.10,2023-01-13
972,2023-01-06,peren,3007,0.23,2023-01-11
973,2023-01-06,kip,1005,2.03,2023-01-13
974,2023-01-06,rund,806,3.89,2023-01-12
975,2023-01-06,vis,605,3.53,2023-01-12
976,2023-01-06,bier,1204,1.28,2023-11-22
977,2023-01-06,chips,506,1.15,2024-01-06
978,2023-01-06,brood,407,0.73,2023-01-07
979,2023-01-06,cola,804,1.28,2023-09-03
980,2023-01-07,bananen,2008,0.27,2023-01-11
981,2023-01-07,appels,4052,0.18,2023-01-14
982,2023-01-07,peren,3007,0.03,2023-01-12
983,2023-01-07,kip,1009,2.49,2023-01-14
984,2023-01-07,rund,805,2.48,2023-01-13
985,2023-01-07,vis,606,3.34,2023-01-13
986,2023-01-07,bier,1206,1.80,2023-11-23
987,2023-01-07,chips,503,1.05,2024-01-07
988,2023-01-07,brood,404,0.76,2023-01-08
989,2023-01-07,cola,800,1.02,2023-09-04
990,2023-01-08,bananen,2001,0.91,2023-01-12
991,2023-01-08,appels,4041,0.09,2023-01-15
992,2023-01-08,peren,3007,0.46,2023-01-13
993,2023-01-08,kip,1004,1.07,2023-01-15
994,2023-01-08,rund,808,3.06,2023-01-14
995,2023-01-08,vis,602,2.84,2023-01-14
996,2023-01-08,bier,1206,2.08,2023-11-24
997,2023-01-08,chips,500,1.23,2024-01-08
998,2023-01-08,brood,404,0.62,2023-01-09
999,2023-01-08,cola,801,0.96,2023-09-05
1000,2023-01-09,bananen,2007,0.89,2023-01-13
1001,2023-01-09,appels,4032,0.17,2023-01-16
1002,2023-01-09,peren,3000,0.88,2023-01-14
1003,2023-01-09,kip,1008,1.23,2023-01-16
1004,2023-01-09,rund,803,2.94,2023-01-15
1005,2023-01-09,vis,607,3.22,2023-01-15
1006,2023-01-09,bier,1203,2.05,2023-11-25
1007,2023-01-09,chips,504,1.78,2024-01-09
1008,2023-01-09,brood,400,0.83,2023-01-10
1009,2023-01-09,cola,808,0.69,2023-09-06
1010,2023-01-10,bananen,2005,0.28,2023-01-14
1011,2023-01-10,appels,4093,0.02,2023-01-17
1012,2023-01-10,peren,3000,0.59,2023-01-15
1013,2023-01-10,kip,1004,1.32,2023-01-17
1014,2023-01-10,rund,808,3.18,2023-01-16
1015,2023-01-10,vis,608,3.15,2023-01-16
1016,2023-01-10,bier,1204,1.65,2023-11-26
1017,2023-01-10,chips,508,0.96,2024-01-10
1018,2023-01-10,brood,407,0.64,2023-01-11
1019,2023-01-10,cola,805,1.75,2023-09-07
1020,2023-01-11,bananen,2006,0.42,2023-01-15
1021,2023-01-11,appels,4096,0.15,2023-01-18
1022,2023-01-11,peren,3008,0.01,2023-01-16
1023,2023-01-11,kip,1005,2.68,2023-01-18
1024,2023-01-11,rund,804,2.50,2023-01-17
1025,2023-01-11,vis,605,2.51,2023-01-17
1026,2023-01-11,bier,1209,1.85,2023-11-27
1027,2023-01-11,chips,505,0.29,2024-01-11
1028,2023-01-11,brood,410,0.31,2023-01-12
1029,2023-01-11,cola,808,1.22,2023-09-08
1030,2023-01-12,bananen,2004,0.09,2023-01-16
1031,2023-01-12,appels,4049,0.02,2023-01-19
1032,2023-01-12,peren,3001,0.41,2023-01-17
1033,2023-01-12,kip,1002,2.54,2023-01-19
1034,2023-01-12,rund,810,2.23,2023-01-18
1035,2023-01-12,vis,604,2.74,2023-01-18
1036,2023-01-12,bier,1205,2.91,2023-11-28
1037,2023-01-12,chips,502,0.44,2024-01-12
1038,2023-01-12,brood,407,0.90,2023-01-13
1039,2023-01-12,cola,810,1.37,2023-09-09
1040,2023-01-13,bananen,2000,0.37,2023-01-17
1041,2023-01-13,appels,4077,0.08,2023-01-20
1042,2023-01-13,peren,3010,0.77,2023-01-18
1043,2023-01-13,kip,1010,2.86,2023-01-20
1044,2023-01-13,rund,803,2.13,2023-01-19
1045,2023-01-13,vis,606,2.40,2023-01-19
1046,2023-01-13,bier,1210,1.77,2023-11-29
1047,2023-01-13,chips,504,0.96,2024-01-13
1048,2023-01-13,brood,410,0.06,2023-01-14
1049,2023-01-13,cola,809,0.62,2023-09-10
1050,2023-01-14,bananen,2005,0.95,2023-01-18
1051,2023-01-14,appels,4035,0.33,2023-01-21
1052,2023-01-14,peren,3007,0.94,2023-01-19
1053,2023-01-14,kip,1002,1.61,2023-01-21
1054,2023-01-14,rund,806,2.94,2023-01-20
1055,2023-01-14,vis,602,3.19,2023-01-20
1056,2023-01-14,bier,1202,1.20,2023-11-30
1057,2023-01-14,chips,506,1.95,2024-01-14
1058,2023-01-14,brood,406,0.52,2023-01-15
1059,2023-01-14,cola,807,1.42,2023-09-11
1060,2023-01-15,bananen,2000,0.26,2023-01-19
1061,2023-01-15,appels,4029,0.19,2023-01-22
1062,2023-01-15,peren,3006,0.87,2023-01-20
1063,2023-01-15,kip,1004,1.04,2023-01-22
1064,2023-01-15,rund,810,3.36,2023-01-21
1065,2023-01-15,vis,609,3.66,2023-01-21
1066,2023-01-15,bier,1201,2.00,2023-12-01
1067,2023-01-15,chips,505,0.13,2024-01-15
1068,2023-01-15,brood,409,0.79,2023-01-16
1069,2023-01-15,cola,810,1.04,2023-09-12
1070,2023-01-16,bananen,2009,0.26,2023-01-20
1071,2023-01-16,appels,4016,0.54,2023-01-23
1072,2023-01-16,peren,3005,0.37,2023-01-21
1073,2023-01-16,kip,1009,2.70,2023-01-23
1074,2023-01-16,rund,809,2.15,2023-01-22
1075,2023-01-16,vis,607,2.59,2023-01-22
1076,2023-01-16,bier,1208,1.42,2023-12-02
1077,2023-01-16,chips,503,1.00,2024-01-16
1078,2023-01-16,brood,403,0.64,2023-01-17
1079,2023-01-16,cola,808,0.27,2023-09-13
1080,2023-01-17,bananen,2004,0.99,2023-01-21
1081,2023-01-17,appels,4033,0.09,2023-01-24
1082,2023-01-17,peren,3006,0.43,2023-01-22
1083,2023-01-17,kip,1000,2.43,2023-01-24
1084,2023-01-17,rund,807,2.67,2023-01-23
1085,2023-01-17,vis,607,3.82,2023-01-23
1086,2023-01-17,bier,1208,2.62,2023-12-03
1087,2023-01-17,chips,501,1.88,2024-01-17
1088,2023-01-17,brood,406,0.83,2023-01-18
1089,2023-01-17,cola,800,1.44,2023-09-14
1090,2023-01-18,bananen,2009,0.26,2023-01-22
1091,2023-01-18,appels,4097,0.52,2023-01-25
1092,2023-01-18,peren,3004,0.35,2023-01-23
1093,2023-01-18,kip,1009,1.05,2023-01-25
1094,2023-01-18,rund,810,2.23,2023-01-24
1095,2023-01-18,vis,604,3.08,2023-01-24
1096,2023-01-18,bier,1208,1.58,2023-12-04
1097,2023-01-18,chips,500,0.46,2024-01-18
1098,2023-01-18,brood,403,0.45,2023-01-19
1099,2023-01-18,cola,810,1.17,2023-09-15
1100,2023-01-19,bananen,2008,0.88,2023-01-23
1101,2023-01-19,appels,4084,0.24,2023-01-26
1102,2023-01-19,peren,3006,0.14,2023-01-24
1103,2023-01-19,kip,1004,2.77,2023-01-26
1104,2023-01-19,rund,805,3.23,2023-01-25
1105,2023-01-19,vis,610,2.24,2023-01-25
1106,2023-01-19,bier,1210,1.39,2023-12-05
1107,2023-01-19,chips,502,1.93,2024-01-19
1108,2023-01-19,brood,405,0.37,2023-01-20
1109,2023-01-19,cola,806,0.04,2023-09-16
1110,2023-01-20,bananen,2009,0.03,2023-01-24
1111,2023-01-20,appels,4100,0.15,2023-01-27
1112,2023-01-20,peren,3008,0.45,2023-01-25
1113,2023-01-20,kip,1009,1.10,2023-01-27
1114,2023-01-20,rund,807,3.42,2023-01-26
1115,2023-01-20,vis,610,3.81,2023-01-26
1116,2023-01-20,bier,1206,2.29,2023-12-06
1117,2023-01-20,chips,507,0.39,2024-01-20
1118,2023-01-20,brood,410,0.93,2023-01-21
1119,2023-01-20,cola,808,0.61,2023-09-17
1120,2023-01-21,bananen,2003,0.55,2023-01-25
1121,2023-01-21,appels,4032,0.77,2023-01-28
1122,2023-01-21,peren,3009,0.76,2023-01-26
1123,2023-01-21,kip,1006,2.46,2023-01-28
1124,2023-01-21,rund,807,3.58,2023-01-27
1125,2023-01-21,vis,609,2.73,2023-01-27
1126,2023-01-21,bier,1210,2.40,2023-12-07
1127,2023-01-21,chips,506,0.27,2024-01-21
1128,2023-01-21,brood,405,0.60,2023-01-22
1129,2023-01-21,cola,803,1.07,2023-09-18
1130,2023-01-22,bananen,2001,0.36,2023-01-26
1131,2023-01-22,appels,4080,0.57,2023-01-29
1132,2023-01-22,peren,3006,0.01,2023-01-27
1133,2023-01-22,kip,1010,2.55,2023-01-29
1134,2023-01-22,rund,806,2.57,2023-01-28
1135,2023-01-22,vis,600,2.65,2023-01-28
1136,2023-01-22,bier,1205,2.71,2023-12-08
1137,2023-01-22,chips,501,1.40,2024-01-22
1138,2023-01-22,brood,408,0.67,2023-01-23
1139,2023-01-22,cola,807,1.64,2023-09-19
1140,2023-01-23,bananen,2009,0.14,2023-01-27
1141,2023-01-23,appels,4037,0.02,2023-01-30
1142,2023-01-23,peren,3010,0.14,2023-01-28
1143,2023-01-23,kip,1000,2.39,2023-01-30
1144,2023-01-23,rund,800,3.48,2023-01-29
1145,2023-01-23,vis,602,3.01,2023-01-29
1146,2023-01-23,bier,1202,1.71,2023-12-09
1147,2023-01-23,chips,503,0.62,2024-01-23
1148,2023-01-23,brood,400,0.36,2023-01-24
1149,2023-01-23,cola,804,0.71,2023-09-20
1150,2023-01-24,bananen,2001,0.47,2023-01-28
1151,2023-01-24,appels,4064,1.00,2023-01-31
1152,2023-01-24,peren,3004,0.78,2023-01-29
1153,2023-01-24,kip,1008,1.24,2023-01-31
1154,2023-01-24,rund,803,2.69,2023-01-30
1155,2023-01-24,vis,602,3.60,2023-01-30
1156,2023-01-24,bier,1201,2.62,2023-12-10
1157,2023-01-24,chips,502,0.47,2024-01-24
1158,2023-01-24,brood,401,0.15,2023-01-25
1159,2023-01-24,cola,808,0.38,2023-09-21
1160,2023-01-25,bananen,2001,0.56,2023-01-29
1161,2023-01-25,appels,4094,0.72,2023-02-01
1162,2023-01-25,peren,3010,0.46,2023-01-30
1163,2023-01-25,kip,1010,2.51,2023-02-01
1164,2023-01-25,rund,801,2.08,2023-01-31
1165,2023-01-25,vis,601,2.20,2023-01-31
1166,2023-01-25,bier,1204,2.36,2023-12-11
1167,2023-01-25,chips,502,1.31,2024-01-25
1168,2023-01-25,brood,405,0.79,2023-01-26
1169,2023-01-25,cola,810,0.38,2023-09-22
1170,2023-01-26,bananen,2000,0.94,2023-01-30
1171,2023-01-26,appels,4045,0.19,2023-02-02
1172,2023-01-26,peren,3002,0.74,2023-01-31
1173,2023-01-26,kip,1004,1.30,2023-02-02
1174,2023-01-26,rund,802,2.20,2023-02-01
1175,2023-01-26,vis,602,2.29,2023-02-01
1176,2023-01-26,bier,1205,1.98,2023-12-12
1177,2023-01-26,chips,507,1.05,2024-01-26
1178,2023-01-26,brood,410,0.08,2023-01-27
1179,2023-01-26,cola,809,1.34,2023-09-23
1180,2023-01-27,bananen,2003,0.30,2023-01-31
1181,2023-01-27,appels,4087,0.16,2023-02-03
1182,2023-01-27,peren,3008,0.37,2023-02-01
1183,2023-01-28,bananen,2002,0.77,2023-02-01
1184,2023-01-28,appels,4065,0.17,2023-02-04
1185,2023-01-28,peren,3004,0.36,2023-02-02
1186,2023-01-28,kip,1003,2.50,2023-02-04
1187,2023-01-28,rund,808,2.60,2023-02-03
1188,2023-01-28,vis,606,2.68,2023-02-03
1189,2023-01-28,bier,1204,2.92,2023-12-14
1190,2023-01-28,chips,507,1.80,2024-01-28
1191,2023-01-28,brood,405,0.32,2023-01-29
1192,2023-01-28,cola,804,0.27,2023-09-25
1193,2023-01-29,bananen,2007,0.23,2023-02-02
1194,2023-01-29,appels,4058,0.95,2023-02-05
1195,2023-01-29,peren,3002,0.99,2023-02-03
1196,2023-01-29,kip,1010,1.07,2023-02-05
1197,2023-01-29,rund,807,3.28,2023-02-04
1198,2023-01-29,vis,607,3.22,2023-02-04
1199,2023-01-29,bier,1202,2.91,2023-12-15
1200,2023-01-29,chips,502,0.45,2024-01-29
1201,2023-01-29,brood,409,0.14,2023-01-30
1202,2023-01-29,cola,809,1.17,2023-09-26
1203,2023-01-30,bananen,2008,0.85,2023-02-03
1204,2023-01-30,appels,4003,0.18,2023-02-06
1205,2023-01-30,peren,3001,0.00,2023-02-04
1206,2023-01-30,kip,1004,1.73,2023-02-06
1207,2023-01-30,rund,802,3.71,2023-02-05
1208,2023-01-30,vis,605,3.07,2023-02-05
1209,2023-01-30,bier,1205,2.11,2023-12-16
1210,2023-01-30,chips,505,1.32,2024-01-30
1211,2023-01-30,brood,400,0.94,2023-01-31
1212,2023-01-30,cola,804,1.84,2023-09-27
1213,2023-01-31,bananen,2010,0.64,2023-02-04
1214,2023-01-31,appels,4041,0.22,2023-02-07
1215,2023-01-31,peren,3010,0.85,2023-02-05
1216,2023-01-31,kip,1004,1.87,2023-02-07
1217,2023-01-31,rund,808,3.57,2023-02-06
1218,2023-01-31,vis,610,3.20,2023-02-06
1219,2023-01-31,bier,1209,1.86,2023-12-17
1220,2023-01-31,chips,505,1.03,2024-01-31
1221,2023-01-31,brood,408,0.86,2023-02-01
1222,2023-01-31,cola,810,0.02,2023-09-28
1223,2023-02-01,bananen,2002,0.73,2023-02-05
1224,2023-02-01,appels,4102,0.33,2023-02-08
1225,2023-02-01,peren,3009,0.84,2023-02-06
1226,2023-02-01,kip,1008,2.68,2023-02-08
1227,2023-02-01,rund,803,3.36,2023-02-07
1228,2023-02-01,vis,603,3.29,2023-02-07
1229,2023-02-01,bier,1208,1.39,2023-12-18
1230,2023-02-01,chips,503,0.39,2024-02-01
1231,2023-02-01,brood,408,0.29,2023-02-02
1232,2023-02-01,cola,801,0.18,2023-09-29
1233,2023-02-02,bananen,2010,0.98,2023-02-06
1234,2023-02-02,appels,4067,0.67,2023-02-09
1235,2023-02-02,peren,3008,0.44,2023-02-07
1236,2023-02-02,kip,1006,2.77,2023-02-09
1237,2023-02-02,rund,805,2.01,2023-02-08
1238,2023-02-02,vis,602,3.79,2023-02-08
1239,2023-02-02,bier,1204,1.88,2023-12-19
1240,2023-02-02,chips,507,0.20,2024-02-02
1241,2023-02-02,brood,403,0.01,2023-02-03
1242,2023-02-02,cola,805,0.33,2023-09-30
1243,2023-02-03,bananen,2004,0.95,2023-02-07
1244,2023-02-03,appels,4104,0.59,2023-02-10
1245,2023-02-03,peren,3002,0.84,2023-02-08
1246,2023-02-03,kip,1003,1.60,2023-02-10
1247,2023-02-03,rund,802,3.46,2023-02-09
1248,2023-02-03,vis,608,3.39,2023-02-09
1249,2023-02-03,bier,1200,2.70,2023-12-20
1250,2023-02-03,chips,502,0.27,2024-02-03
1251,2023-02-03,brood,409,0.46,2023-02-04
1252,2023-02-03,cola,803,1.82,2023-10-01
1253,2023-02-04,bananen,2003,0.04,2023-02-08
1254,2023-02-04,appels,4054,0.63,2023-02-11
1255,2023-02-04,peren,3005,0.68,2023-02-09
1256,2023-02-04,kip,1000,2.34,2023-02-11
1257,2023-02-04,rund,800,3.95,2023-02-10
1258,2023-02-04,vis,607,3.20,2023-02-10
1259,2023-02-04,bier,1209,1.52,2023-12-21
1260,2023-02-04,chips,508,1.58,2024-02-04
1261,2023-02-04,brood,409,0.42,2023-02-05
1262,2023-02-04,cola,807,1.58,2023-10-02
1263,2023-02-05,bananen,2003,0.78,2023-02-09
1264,2023-02-05,appels,4020,0.62,2023-02-12
1265,2023-02-05,peren,3003,0.26,2023-02-10
1266,2023-02-05,kip,1009,2.90,2023-02-12
1267,2023-02-05,rund,802,3.93,2023-02-11
1268,2023-02-05,vis,610,2.98,2023-02-11
1269,2023-02-05,bier,1201,1.02,2023-12-22
1270,2023-02-05,chips,507,0.83,2024-02-05
1271,2023-02-05,brood,402,0.61,2023-02-06
1272,2023-02-05,cola,800,0.20,2023-10-03
1273,2023-02-06,bananen,2001,0.82,2023-02-10
1274,2023-02-06,appels,4041,0.95,2023-02-13
1275,2023-02-06,peren,3002,0.44,2023-02-11
1276,2023-02-06,kip,1002,2.58,2023-02-13
1277,2023-02-06,rund,806,3.78,2023-02-12
1278,2023-02-06,vis,602,3.50,2023-02-12
1279,2023-02-06,bier,1206,1.31,2023-12-23
1280,2023-02-06,chips,504,1.20,2024-02-06
1281,2023-02-06,brood,410,0.49,2023-02-07
1282,2023-02-06,cola,807,0.81,2023-10-04
1283,2023-02-07,bananen,2002,0.85,2023-02-11
1284,2023-02-07,appels,4041,0.31,2023-02-14
1285,2023-02-07,peren,3000,0.16,2023-02-12
1286,2023-02-07,kip,1010,1.75,2023-02-14
1287,2023-02-07,rund,803,2.56,2023-02-13
1288,2023-02-07,vis,603,3.22,2023-02-13
1289,2023-02-07,bier,1203,2.47,2023-12-24
1290,2023-02-07,chips,503,1.94,2024-02-07
1291,2023-02-07,brood,405,0.18,2023-02-08
1292,2023-02-07,cola,807,1.27,2023-10-05
1293,2023-02-08,bananen,2002,0.06,2023-02-12
1294,2023-02-08,appels,4043,0.09,2023-02-15
1295,2023-02-08,peren,3002,0.34,2023-02-13
1296,2023-02-08,kip,1009,1.41,2023-02-15
1297,2023-02-08,rund,805,3.18,2023-02-14
1298,2023-02-08,vis,600,2.99,2023-02-14
1299,2023-02-08,bier,1210,2.99,2023-12-25
1300,2023-02-08,chips,501,0.78,2024-02-08
1301,2023-02-08,brood,408,0.80,2023-02-09
1302,2023-02-08,cola,810,1.78,2023-10-06
1303,2023-02-09,bananen,2009,0.20,2023-02-13
1304,2023-02-09,appels,4053,0.78,2023-02-16
1305,2023-02-09,peren,3008,0.02,2023-02-14
1306,2023-02-09,kip,1010,2.04,2023-02-16
1307,2023-02-09,rund,803,2.46,2023-02-15
1308,2023-02-09,vis,606,2.88,2023-02-15
1309,2023-02-09,bier,1202,2.55,2023-12-26
1310,2023-02-09,chips,504,1.10,2024-02-09
1311,2023-02-09,brood,401,0.30,2023-02-10
1312,2023-02-09,cola,806,0.06,2023-10-07
1313,2023-02-10,bananen,2006,0.22,2023-02-14
1314,2023-02-10,appels,4063,0.11,2023-02-17
1315,2023-02-10,peren,3006,0.57,2023-02-15
1316,2023-02-10,kip,1001,2.53,2023-02-17
1317,2023-02-10,rund,804,2.03,2023-02-16
1318,2023-02-10,vis,604,3.77,2023-02-16
1319,2023-02-10,bier,1203,2.40,2023-12-27
1320,2023-02-10,chips,504,1.73,2024-02-10
1321,2023-02-10,brood,405,0.24,2023-02-11
1322,2023-02-10,cola,800,1.14,2023-10-08
1323,2023-02-11,bananen,2010,0.97,2023-02-15
1324,2023-02-11,appels,4057,0.21,2023-02-18
1325,2023-02-11,peren,3007,0.90,2023-02-16
1326,2023-02-11,kip,1000,1.62,2023-02-18
1327,2023-02-11,rund,806,3.67,2023-02-17
1328,2023-02-11,vis,608,3.47,2023-02-17
1329,2023-02-11,bier,1205,1.53,2023-12-28
1330,2023-02-11,chips,506,0.37,2024-02-11
1331,2023-02-11,brood,407,0.44,2023-02-12
1332,2023-02-11,cola,806,1.75,2023-10-09
1333,2023-02-12,bananen,2002,0.77,2023-02-16
1334,2023-02-12,appels,4082,0.17,2023-02-19
1335,2023-02-12,peren,3010,0.75,2023-02-17
1336,2023-02-12,kip,1005,1.28,2023-02-19
1337,2023-02-12,rund,807,2.12,2023-02-18
1338,2023-02-12,vis,609,2.51,2023-02-18
1339,2023-02-12,bier,1201,1.69,2023-12-29
1340,2023-02-12,chips,507,1.58,2024-02-12
1341,2023-02-12,brood,406,0.99,2023-02-13
1342,2023-02-12,cola,802,1.76,2023-10-10
1343,2023-02-13,bananen,2001,0.19,2023-02-17
1344,2023-02-13,appels,4047,0.96,2023-02-20
1345,2023-02-13,peren,3009,0.94,2023-02-18
1346,2023-02-13,kip,1009,2.73,2023-02-20
1347,2023-02-13,rund,803,2.91,2023-02-19
1348,2023-02-13,vis,604,2.45,2023-02-19
1349,2023-02-13,bier,1209,2.95,2023-12-30
1350,2023-02-13,chips,501,0.39,2024-02-13
1351,2023-02-13,brood,403,0.66,2023-02-14
1352,2023-02-13,cola,801,0.24,2023-10-11
1353,2023-02-14,bananen,2002,0.81,2023-02-18
1354,2023-02-14,appels,4060,0.67,2023-02-21
1355,2023-02-14,peren,3000,0.54,2023-02-19
1356,2023-02-14,kip,1001,2.97,2023-02-21
1357,2023-02-14,rund,809,3.14,2023-02-20
1358,2023-02-14,vis,601,3.80,2023-02-20
1359,2023-02-14,bier,1200,2.96,2023-12-31
1360,2023-02-14,chips,504,1.56,2024-02-14
1361,2023-02-14,brood,405,0.43,2023-02-15
1362,2023-02-14,cola,806,1.12,2023-10-12
1363,2023-02-15,bananen,2004,0.09,2023-02-19
1364,2023-02-15,appels,4038,0.01,2023-02-22
1365,2023-02-15,peren,3009,0.08,2023-02-20
1366,2023-02-15,kip,1008,1.93,2023-02-22
1367,2023-02-15,rund,810,3.38,2023-02-21
1368,2023-02-15,vis,607,3.28,2023-02-21
1369,2023-02-15,bier,1208,1.80,2024-01-01
1370,2023-02-15,chips,501,0.06,2024-02-15
1371,2023-02-15,brood,407,0.20,2023-02-16
1372,2023-02-15,cola,800,1.05,2023-10-13
1373,2023-02-16,bananen,2002,0.30,2023-02-20
1374,2023-02-16,appels,4047,0.46,2023-02-23
1375,2023-02-16,peren,3003,0.49,2023-02-21
1376,2023-02-16,kip,1006,2.21,2023-02-23
1377,2023-02-16,rund,801,2.98,2023-02-22
1378,2023-02-16,vis,606,2.97,2023-02-22
1379,2023-02-16,bier,1205,1.61,2024-01-02
1380,2023-02-16,chips,507,1.38,2024-02-16
1381,2023-02-16,brood,407,0.25,2023-02-17
1382,2023-02-16,cola,809,1.90,2023-10-14
1383,2023-02-17,bananen,2001,0.80,2023-02-21
1384,2023-02-17,appels,4082,0.62,2023-02-24
1385,2023-02-17,peren,3001,0.23,2023-02-22
1386,2023-02-17,kip,1004,1.64,2023-02-24
1387,2023-02-17,rund,801,3.13,2023-02-23
1388,2023-02-17,vis,601,2.86,2023-02-23
1389,2023-02-17,bier,1209,1.58,2024-01-03
1390,2023-02-17,chips,501,0.55,2024-02-17
1391,2023-02-17,brood,400,0.26,2023-02-18
1392,2023-02-17,cola,800,0.17,2023-10-15
1393,2023-02-18,bananen,2008,0.81,2023-02-22
1394,2023-02-18,appels,4035,0.76,2023-02-25
1395,2023-02-18,peren,3009,0.42,2023-02-23
1396,2023-02-18,kip,1009,1.80,2023-02-25
1397,2023-02-18,rund,806,3.24,2023-02-24
1398,2023-02-18,vis,609,2.07,2023-02-24
1399,2023-02-18,bier,1210,2.93,2024-01-04
1400,2023-02-18,chips,508,1.05,2024-02-18
1401,2023-02-18,brood,401,0.44,2023-02-19
1402,2023-02-18,cola,808,0.29,2023-10-16
1403,2023-02-19,bananen,2006,0.67,2023-02-23
1404,2023-02-19,appels,4073,0.29,2023-02-26
1405,2023-02-19,peren,3007,0.45,2023-02-24
1406,2023-02-19,kip,1008,1.77,2023-02-26
1407,2023-02-19,rund,809,2.81,2023-02-25
1408,2023-02-19,vis,603,2.37,2023-02-25
1409,2023-02-19,bier,1202,1.40,2024-01-05
1410,2023-02-19,chips,508,1.74,2024-02-19
1411,2023-02-19,brood,402,0.05,2023-02-20
1412,2023-02-19,cola,801,0.47,2023-10-17
1413,2023-02-20,bananen,2003,0.87,2023-02-24
1414,2023-02-20,appels,4061,0.34,2023-02-27
1415,2023-02-20,peren,3010,0.28,2023-02-25
1416,2023-02-20,kip,1006,1.83,2023-02-27
1417,2023-02-20,rund,810,3.82,2023-02-26
1418,2023-02-20,vis,608,3.09,2023-02-26
1419,2023-02-20,bier,1203,1.25,2024-01-06
1420,2023-02-20,chips,500,1.39,2024-02-20
1421,2023-02-20,brood,407,0.40,2023-02-21
1422,2023-02-20,cola,802,1.55,2023-10-18
1423,2023-02-21,bananen,2010,0.25,2023-02-25
1424,2023-02-21,appels,4069,0.50,2023-02-28
1425,2023-02-21,peren,3010,0.95,2023-02-26
1426,2023-02-21,kip,1001,1.80,2023-02-28
1427,2023-02-21,rund,810,2.30,2023-02-27
1428,2023-02-21,vis,610,2.58,2023-02-27
1429,2023-02-21,bier,1205,2.02,2024-01-07
1430,2023-02-21,chips,500,1.82,2024-02-21
1431,2023-02-21,brood,408,0.82,2023-02-22
1432,2023-02-21,cola,800,0.84,2023-10-19
1433,2023-02-22,bananen,2008,0.65,2023-02-26
1434,2023-02-22,appels,4088,0.85,2023-03-01
1435,2023-02-22,peren,3010,0.54,2023-02-27
1436,2023-02-22,kip,1008,2.65,2023-03-01
1437,2023-02-22,rund,803,2.31,2023-02-28
1438,2023-02-22,vis,600,3.10,2023-02-28
1439,2023-02-22,bier,1205,1.73,2024-01-08
1440,2023-02-22,chips,503,1.82,2024-02-22
1441,2023-02-22,brood,401,0.77,2023-02-23
1442,2023-02-22,cola,809,1.09,2023-10-20
1443,2023-02-23,bananen,2003,0.58,2023-02-27
1444,2023-02-23,appels,4010,0.90,2023-03-02
1445,2023-02-23,peren,3002,0.81,2023-02-28
1446,2023-02-23,kip,1000,2.30,2023-03-02
1447,2023-02-23,rund,802,3.45,2023-03-01
1448,2023-02-23,vis,607,2.46,2023-03-01
1449,2023-02-23,bier,1207,2.79,2024-01-09
1450,2023-02-23,chips,506,0.42,2024-02-23
1451,2023-02-23,brood,410,0.22,2023-02-24
1452,2023-02-23,cola,808,1.70,2023-10-21
1453,2023-02-24,bananen,2010,0.20,2023-02-28
1454,2023-02-24,appels,4030,1.00,2023-03-03
1455,2023-02-24,peren,3010,0.19,2023-03-01
1456,2023-02-24,kip,1002,2.09,2023-03-03
1457,2023-02-24,rund,807,3.66,2023-03-02
1458,2023-02-24,vis,600,2.05,2023-03-02
1459,2023-02-24,bier,1205,1.76,2024-01-10
1460,2023-02-24,chips,504,0.31,2024-02-24
1461,2023-02-24,brood,403,0.93,2023-02-25
1462,2023-02-24,cola,806,1.79,2023-10-22
1463,2023-02-25,bananen,2003,0.88,2023-03-01
1464,2023-02-25,appels,4055,0.26,2023-03-04
1465,2023-02-25,peren,3002,0.87,2023-03-02
1466,2023-02-25,kip,1006,1.50,2023-03-04
1467,2023-02-25,rund,802,2.53,2023-03-03
1468,2023-02-25,vis,602,2.01,2023-03-03
1469,2023-02-25,bier,1203,1.19,2024-01-11
1470,2023-02-25,chips,500,0.80,2024-02-25
1471,2023-02-25,brood,409,0.40,2023-02-26
1472,2023-02-25,cola,806,1.78,2023-10-23
1473,2023-02-26,bananen,2004,0.24,2023-03-02
1474,2023-02-26,appels,4107,0.29,2023-03-05
1475,2023-02-26,peren,3003,0.49,2023-03-03
1476,2023-02-26,kip,1008,2.15,2023-03-05
1477,2023-02-26,rund,809,2.60,2023-03-04
1478,2023-02-26,vis,609,3.41,2023-03-04
1479,2023-02-26,bier,1205,1.17,2024-01-12
1480,2023-02-26,chips,507,1.20,2024-02-26
1481,2023-02-26,brood,400,0.08,2023-02-27
1482,2023-02-26,cola,807,0.90,2023-10-24
1483,2023-02-27,bananen,2000,0.50,2023-03-03
1484,2023-02-27,appels,4052,0.21,2023-03-06
1485,2023-02-27,peren,3009,0.42,2023-03-04
1486,2023-02-27,kip,1006,2.73,2023-03-06
1487,2023-02-27,rund,807,2.21,2023-03-05
1488,2023-02-27,vis,600,2.51,2023-03-05
1489,2023-02-27,bier,1203,1.46,2024-01-13
1490,2023-02-27,chips,508,1.34,2024-02-27
1491,2023-02-27,brood,405,0.12,2023-02-28
1492,2023-02-27,cola,808,0.84,2023-10-25
1493,2023-02-28,bananen,2008,0.80,2023-03-04
1494,2023-02-28,appels,4001,0.21,2023-03-07
1495,2023-02-28,peren,3006,0.18,2023-03-05
1496,2023-02-28,kip,1003,2.19,2023-03-07
1497,2023-02-28,rund,800,3.93,2023-03-06
1498,2023-02-28,vis,605,3.57,2023-03-06
1499,2023-02-28,bier,1204,1.07,2024-01-14
1500,2023-02-28,chips,506,0.62,2024-02-28
1501,2023-02-28,brood,410,0.81,2023-03-01
1502,2023-02-28,cola,803,1.57,2023-10-26
1503,2023-03-01,bananen,2008,0.21,2023-03-05
1504,2023-03-01,appels,4063,0.39,2023-03-08
1505,2023-03-01,peren,3008,0.54,2023-03-06
1506,2023-03-01,kip,1001,2.97,2023-03-08
1507,2023-03-01,rund,807,3.94,2023-03-07
1508,2023-03-01,vis,608,2.92,2023-03-07
1509,2023-03-01,bier,1205,2.65,2024-01-15
1510,2023-03-01,chips,503,0.78,2024-02-29
1511,2023-03-01,brood,400,0.60,2023-03-02
1512,2023-03-01,cola,809,1.20,2023-10-27
1513,2023-03-02,bananen,2008,0.96,2023-03-06
1514,2023-03-02,appels,4097,0.85,2023-03-09
1515,2023-03-02,peren,3007,0.30,2023-03-07
1516,2023-03-02,kip,1001,1.28,2023-03-09
1517,2023-03-02,rund,800,2.41,2023-03-08
1518,2023-03-02,vis,604,3.58,2023-03-08
1519,2023-03-02,bier,1207,1.16,2024-01-16
1520,2023-03-02,chips,508,1.71,2024-03-01
1521,2023-03-02,brood,408,0.25,2023-03-03
1522,2023-03-02,cola,801,1.76,2023-10-28
1523,2023-03-03,bananen,2000,0.01,2023-03-07
1524,2023-03-03,appels,4088,0.93,2023-03-10
1525,2023-03-03,peren,3010,0.71,2023-03-08
1526,2023-03-03,kip,1006,2.96,2023-03-10
1527,2023-03-03,rund,806,2.20,2023-03-09
1528,2023-03-03,vis,606,2.36,2023-03-09
1529,2023-03-03,bier,1207,2.38,2024-01-17
1530,2023-03-03,chips,500,1.90,2024-03-02
1531,2023-03-03,brood,401,0.83,2023-03-04
1532,2023-03-03,cola,804,1.23,2023-10-29
1533,2023-03-04,bananen,2004,0.08,2023-03-08
1534,2023-03-04,appels,4031,0.51,2023-03-11
1535,2023-03-04,peren,3006,0.43,2023-03-09
1536,2023-03-04,kip,1010,2.44,2023-03-11
1537,2023-03-04,rund,803,3.62,2023-03-10
1538,2023-03-04,vis,610,3.08,2023-03-10
1539,2023-03-04,bier,1209,2.46,2024-01-18
1540,2023-03-04,chips,505,0.44,2024-03-03
1541,2023-03-04,brood,406,0.03,2023-03-05
1542,2023-03-04,cola,802,0.73,2023-10-30
1543,2023-03-05,bananen,2000,0.03,2023-03-09
1544,2023-03-05,appels,4028,0.94,2023-03-12
1545,2023-03-05,peren,3008,0.01,2023-03-10
1546,2023-03-05,kip,1006,1.08,2023-03-12
1547,2023-03-05,rund,801,2.93,2023-03-11
1548,2023-03-05,vis,610,2.80,2023-03-11
1549,2023-03-05,bier,1209,1.60,2024-01-19
1550,2023-03-05,chips,507,1.73,2024-03-04
1551,2023-03-05,brood,400,0.23,2023-03-06
1552,2023-03-05,cola,805,1.87,2023-10-31
1553,2023-03-06,bananen,2006,0.99,2023-03-10
1554,2023-03-06,appels,4010,0.85,2023-03-13
1555,2023-03-06,peren,3006,0.55,2023-03-11
1556,2023-03-06,kip,1010,1.00,2023-03-13
1557,2023-03-06,rund,810,2.10,2023-03-12
1558,2023-03-06,vis,609,3.60,2023-03-12
1559,2023-03-06,bier,1209,1.09,2024-01-20
1560,2023-03-06,chips,508,0.48,2024-03-05
1561,2023-03-06,brood,410,0.52,2023-03-07
1562,2023-03-06,cola,802,1.01,2023-11-01
1563,2023-03-07,bananen,2010,0.83,2023-03-11
1564,2023-03-07,appels,4003,0.79,2023-03-14
1565,2023-03-07,peren,3003,0.83,2023-03-12
1566,2023-03-07,kip,1009,1.13,2023-03-14
1567,2023-03-07,rund,805,3.16,2023-03-13
1568,2023-03-07,vis,601,3.03,2023-03-13
1569,2023-03-07,bier,1209,2.19,2024-01-21
1570,2023-03-07,chips,500,1.56,2024-03-06
1571,2023-03-07,brood,403,0.26,2023-03-08
1572,2023-03-07,cola,806,1.38,2023-11-02
1573,2023-03-08,bananen,2009,0.60,2023-03-12
1574,2023-03-08,appels,4065,0.04,2023-03-15
1575,2023-03-08,peren,3005,0.88,2023-03-13
1576,2023-03-08,kip,1003,1.44,2023-03-15
1577,2023-03-08,rund,801,3.62,2023-03-14
1578,2023-03-08,vis,602,3.09,2023-03-14
1579,2023-03-08,bier,1210,1.51,2024-01-22
1580,2023-03-08,chips,503,0.12,2024-03-07
1581,2023-03-08,brood,405,0.96,2023-03-09
1582,2023-03-08,cola,807,1.93,2023-11-03
1583,2023-03-09,bananen,2007,0.50,2023-03-13
1584,2023-03-09,appels,4086,0.69,2023-03-16
1585,2023-03-09,peren,3007,0.15,2023-03-14
1586,2023-03-09,kip,1008,2.18,2023-03-16
1587,2023-03-09,rund,809,3.73,2023-03-15
1588,2023-03-09,vis,605,2.12,2023-03-15
1589,2023-03-09,bier,1204,1.97,2024-01-23
1590,2023-03-09,chips,508,0.25,2024-03-08
1591,2023-03-09,brood,407,0.23,2023-03-10
1592,2023-03-09,cola,809,1.15,2023-11-04
1593,2023-03-10,bananen,2001,0.20,2023-03-14
1594,2023-03-10,appels,4098,0.43,2023-03-17
1595,2023-03-10,peren,3000,0.72,2023-03-15
1596,2023-03-10,kip,1008,2.28,2023-03-17
1597,2023-03-10,rund,802,2.73,2023-03-16
1598,2023-03-10,vis,606,3.57,2023-03-16
1599,2023-03-10,bier,1206,1.09,2024-01-24
1600,2023-03-10,chips,500,0.36,2024-03-09
1601,2023-03-10,brood,402,0.84,2023-03-11
1602,2023-03-10,cola,809,1.80,2023-11-05
1603,2023-03-11,bananen,2003,0.13,2023-03-15
1604,2023-03-11,appels,4090,0.25,2023-03-18
1605,2023-03-11,peren,3003,0.59,2023-03-16
1606,2023-03-11,kip,1000,2.55,2023-03-18
1607,2023-03-11,rund,800,2.25,2023-03-17
1608,2023-03-11,vis,603,3.29,2023-03-17
1609,2023-03-11,bier,1203,2.59,2024-01-25
1610,2023-03-11,chips,505,0.51,2024-03-10
1611,2023-03-11,brood,400,0.41,2023-03-12
1612,2023-03-11,cola,804,1.15,2023-11-06
1613,2023-03-12,bananen,2007,0.56,2023-03-16
1614,2023-03-12,appels,4066,0.43,2023-03-19
1615,2023-03-12,peren,3009,0.28,2023-03-17
1616,2023-03-12,kip,1006,2.92,2023-03-19
1617,2023-03-12,rund,804,3.34,2023-03-18
1618,2023-03-12,vis,605,2.62,2023-03-18
1619,2023-03-12,bier,1209,1.58,2024-01-26
1620,2023-03-12,chips,500,0.33,2024-03-11
1621,2023-03-12,brood,403,0.85,2023-03-13
1622,2023-03-12,cola,805,0.29,2023-11-07
1623,2023-03-13,bananen,2005,0.73,2023-03-17
1624,2023-03-13,appels,4072,0.50,2023-03-20
1625,2023-03-13,peren,3007,0.42,2023-03-18
1626,2023-03-13,kip,1004,2.02,2023-03-20
1627,2023-03-13,rund,803,3.98,2023-03-19
1628,2023-03-13,vis,605,2.14,2023-03-19
1629,2023-03-13,bier,1208,2.85,2024-01-27
1630,2023-03-13,chips,500,0.48,2024-03-12
1631,2023-03-13,brood,400,0.04,2023-03-14
1632,2023-03-13,cola,801,1.94,2023-11-08
1633,2023-03-14,bananen,2003,0.95,2023-03-18
1634,2023-03-14,appels,4078,0.53,2023-03-21
1635,2023-03-14,peren,3005,0.93,2023-03-19
1636,2023-03-14,kip,1006,2.89,2023-03-21
1637,2023-03-14,rund,804,2.94,2023-03-20
1638,2023-03-14,vis,609,2.84,2023-03-20
1639,2023-03-14,bier,1200,1.91,2024-01-28
1640,2023-03-14,chips,502,0.43,2024-03-13
1641,2023-03-14,brood,408,0.31,2023-03-15
1642,2023-03-14,cola,804,0.06,2023-11-09
1643,2023-03-15,bananen,2005,0.24,2023-03-19
1644,2023-03-15,appels,4046,0.67,2023-03-22
1645,2023-03-15,peren,3003,0.37,2023-03-20
1646,2023-03-15,kip,1010,2.85,2023-03-22
1647,2023-03-15,rund,804,2.99,2023-03-21
1648,2023-03-15,vis,604,3.40,2023-03-21
1649,2023-03-15,bier,1207,1.80,2024-01-29
1650,2023-03-15,chips,505,0.59,2024-03-14
1651,2023-03-15,brood,406,0.97,2023-03-16
1652,2023-03-15,cola,806,1.45,2023-11-10
1653,2023-03-16,bananen,2003,0.18,2023-03-20
1654,2023-03-16,appels,4076,0.41,2023-03-23
1655,2023-03-16,peren,3005,0.75,2023-03-21
1656,2023-03-16,kip,1010,1.91,2023-03-23
1657,2023-03-16,rund,807,3.14,2023-03-22
1658,2023-03-16,vis,608,3.07,2023-03-22
1659,2023-03-16,bier,1206,1.49,2024-01-30
1660,2023-03-16,chips,500,0.19,2024-03-15
1661,2023-03-16,brood,403,0.64,2023-03-17
1662,2023-03-16,cola,809,0.10,2023-11-11
1663,2023-03-17,bananen,2004,0.39,2023-03-21
1664,2023-03-17,appels,4106,0.33,2023-03-24
1665,2023-03-17,peren,3010,0.89,2023-03-22
1666,2023-03-17,kip,1005,2.62,2023-03-24
1667,2023-03-17,rund,803,2.45,2023-03-23
1668,2023-03-17,vis,606,3.08,2023-03-23
1669,2023-03-17,bier,1202,1.80,2024-01-31
1670,2023-03-17,chips,505,1.52,2024-03-16
1671,2023-03-17,brood,408,0.89,2023-03-18
1672,2023-03-17,cola,802,0.38,2023-11-12
1673,2023-03-18,bananen,2007,0.68,2023-03-22
1674,2023-03-18,appels,4107,0.20,2023-03-25
1675,2023-03-18,peren,3001,0.30,2023-03-23
1676,2023-03-18,kip,1003,1.80,2023-03-25
1677,2023-03-18,rund,808,3.85,2023-03-24
1678,2023-03-18,vis,603,3.35,2023-03-24
1679,2023-03-18,bier,1202,1.69,2024-02-01
1680,2023-03-18,chips,505,0.18,2024-03-17
1681,2023-03-18,brood,400,0.74,2023-03-19
1682,2023-03-18,cola,807,0.17,2023-11-13
1683,2023-03-19,bananen,2007,0.62,2023-03-23
1684,2023-03-19,appels,4094,0.23,2023-03-26
1685,2023-03-19,peren,3010,0.62,2023-03-24
1686,2023-03-19,kip,1003,2.34,2023-03-26
1687,2023-03-19,rund,802,2.48,2023-03-25
1688,2023-03-19,vis,603,3.29,2023-03-25
1689,2023-03-19,bier,1205,2.39,2024-02-02
1690,2023-03-19,chips,508,0.25,2024-03-18
1691,2023-03-19,brood,407,0.63,2023-03-20
1692,2023-03-19,cola,808,0.15,2023-11-14
1693,2023-03-20,bananen,2009,0.85,2023-03-24
1694,2023-03-20,appels,4030,0.26,2023-03-27
1695,2023-03-20,peren,3005,0.43,2023-03-25
1696,2023-03-20,kip,1005,2.36,2023-03-27
1697,2023-03-20,rund,806,2.85,2023-03-26
1698,2023-03-20,vis,600,2.72,2023-03-26
1699,2023-03-20,bier,1202,1.97,2024-02-03
1700,2023-03-20,chips,505,0.51,2024-03-19
1701,2023-03-20,brood,407,0.72,2023-03-21
1702,2023-03-20,cola,805,1.87,2023-11-15
1703,2023-03-21,bananen,2005,0.91,2023-03-25
1704,2023-03-21,appels,4072,0.76,2023-03-28
1705,2023-03-21,peren,3007,0.43,2023-03-26
1706,2023-03-21,kip,1005,1.88,2023-03-28
1707,2023-03-21,rund,809,3.95,2023-03-27
1708,2023-03-21,vis,600,2.48,2023-03-27
1709,2023-03-21,bier,1206,1.27,2024-02-04
1710,2023-03-21,chips,501,1.75,2024-03-20
1711,2023-03-21,brood,410,0.71,2023-03-22
1712,2023-03-21,cola,809,0.16,2023-11-16
1713,2023-03-22,bananen,2004,0.44,2023-03-26
1714,2023-03-22,appels,4079,0.24,2023-03-29
1715,2023-03-22,peren,3000,0.83,2023-03-27
1716,2023-03-22,kip,1008,2.64,2023-03-29
1717,2023-03-22,rund,808,3.35,2023-03-28
1718,2023-03-22,vis,600,2.34,2023-03-28
1719,2023-03-22,bier,1207,1.02,2024-02-05
1720,2023-03-22,chips,505,1.91,2024-03-21
1721,2023-03-22,brood,402,0.80,2023-03-23
1722,2023-03-22,cola,805,0.98,2023-11-17
1723,2023-03-23,bananen,2007,0.47,2023-03-27
1724,2023-03-23,appels,4012,0.65,2023-03-30
1725,2023-03-23,peren,3010,0.96,2023-03-28
1726,2023-03-23,kip,1006,1.30,2023-03-30
1727,2023-03-23,rund,804,3.34,2023-03-29
1728,2023-03-23,vis,600,2.97,2023-03-29
1729,2023-03-23,bier,1201,2.67,2024-02-06
1730,2023-03-23,chips,500,0.34,2024-03-22
1731,2023-03-23,brood,403,0.51,2023-03-24
1732,2023-03-23,cola,810,1.21,2023-11-18
