id,sell_date,product_name,quantity,sell_price,cost_price,total_revenue_of_sale,total_profit_of_sale
1,2022-10-01,bananen,1994,1.34,0.90,2678.22,892.74
2,2022-10-01,appels,4083,0.09,0.06,366.39,122.13
3,2022-10-01,peren,3000,0.52,0.34,1548.09,516.03
4,2022-10-01,kip,1010,3.88,2.59,3918.86,1306.29
5,2022-10-01,rund,796,5.80,3.87,4617.73,1539.24
6,2022-10-01,vis,595,3.11,2.07,1849.99,616.66
7,2022-10-01,bier,1205,2.58,1.72,3113.71,1037.90
8,2022-10-01,chips,493,1.69,1.13,833.44,277.81
9,2022-10-01,brood,395,0.44,0.30,175.47,58.49
10,2022-10-01,cola,796,2.24,1.49,1780.49,593.50
11,2022-10-02,bananen,1996,1.02,0.68,2035.06,678.35
12,2022-10-02,appels,4034,1.27,0.85,5117.97,1705.99
13,2022-10-02,peren,2991,0.69,0.46,2075.04,691.68
14,2022-10-02,kip,1003,3.94,2.63,3953.19,1317.73
15,2022-10-02,rund,800,5.77,3.84,4613.39,1537.80
16,2022-10-02,vis,600,3.10,2.06,1857.70,619.23
17,2022-10-02,bier,1205,1.89,1.26,2276.35,758.78
18,2022-10-02,chips,501,2.25,1.50,1128.83,376.28
19,2022-10-02,brood,398,1.33,0.89,530.02,176.67
20,2022-10-02,cola,796,1.48,0.99,1181.57,393.86
21,2022-10-03,bananen,2006,0.16,0.10,311.96,103.99
22,2022-10-03,appels,4019,1.49,1.00,6004.62,2001.54
23,2022-10-03,peren,3005,1.11,0.74,3340.15,1113.38
24,2022-10-03,kip,1008,3.45,2.30,3475.05,1158.35
25,2022-10-03,rund,804,4.74,3.16,3811.10,1270.37
26,2022-10-03,vis,591,5.36,3.58,3170.51,1056.84
27,2022-10-03,bier,1207,2.17,1.45,2619.32,873.11
28,2022-10-03,chips,503,1.74,1.16,873.32,291.11
29,2022-10-03,brood,400,1.12,0.75,448.74,149.58
30,2022-10-03,cola,803,0.19,0.13,152.04,50.68
31,2022-10-04,bananen,1991,0.27,0.18,533.46,177.82
32,2022-10-04,appels,4001,1.24,0.83,4971.38,1657.13
33,2022-10-04,peren,3001,0.91,0.61,2744.96,914.99
34,2022-10-04,kip,998,2.95,1.97,2947.10,982.37
35,2022-10-04,rund,792,3.09,2.06,2451.03,817.01
36,2022-10-04,vis,594,3.34,2.23,1986.03,662.01
37,2022-10-04,bier,1196,2.27,1.51,2710.40,903.47
38,2022-10-04,chips,492,0.17,0.12,84.92,28.31
39,2022-10-04,brood,400,0.90,0.60,361.29,120.43
40,2022-10-04,cola,800,0.87,0.58,698.71,232.90
41,2022-10-05,bananen,1991,0.20,0.14,407.86,135.95
42,2022-10-05,appels,4002,1.13,0.75,4519.30,1506.43
43,2022-10-05,peren,3000,0.06,0.04,183.38,61.13
44,2022-10-05,kip,991,2.63,1.75,2602.46,867.49
45,2022-10-05,rund,797,4.29,2.86,3415.50,1138.50
46,2022-10-05,vis,606,3.23,2.16,1959.34,653.11
47,2022-10-05,bier,1205,2.98,1.99,3588.85,1196.28
48,2022-10-05,chips,498,2.85,1.90,1418.94,472.98
49,2022-10-05,brood,407,0.82,0.55,335.20,111.73
50,2022-10-05,cola,793,2.84,1.89,2250.23,750.08
51,2022-10-06,bananen,2001,0.89,0.59,1774.96,591.65
52,2022-10-06,appels,4045,0.85,0.56,3421.73,1140.58
53,2022-10-06,peren,2998,0.39,0.26,1164.56,388.19
54,2022-10-06,kip,1002,2.98,1.99,2987.38,995.79
55,2022-10-06,rund,801,4.10,2.73,3284.33,1094.78
56,2022-10-06,vis,594,4.06,2.71,2412.56,804.19
57,2022-10-06,bier,1208,3.75,2.50,4532.48,1510.83
58,2022-10-06,chips,500,0.01,0.00,2.67,0.89
59,2022-10-06,brood,401,1.07,0.71,427.34,142.45
60,2022-10-06,cola,808,0.74,0.49,598.75,199.58
61,2022-10-07,bananen,1996,0.98,0.66,1961.81,653.94
62,2022-10-07,appels,4067,0.57,0.38,2302.27,767.42
63,2022-10-07,peren,3007,0.37,0.25,1116.57,372.19
64,2022-10-07,kip,1003,2.38,1.58,2383.91,794.64
65,2022-10-07,rund,803,3.72,2.48,2990.21,996.74
66,2022-10-07,vis,604,5.86,3.91,3537.97,1179.32
67,2022-10-07,bier,1205,3.17,2.12,3824.90,1274.97
68,2022-10-07,chips,500,1.76,1.18,881.52,293.84
69,2022-10-07,brood,403,1.23,0.82,496.90,165.63
70,2022-10-07,cola,796,0.39,0.26,307.55,102.52
71,2022-10-08,bananen,1997,1.00,0.66,1990.94,663.65
72,2022-10-08,appels,4038,0.46,0.30,1843.44,614.48
73,2022-10-08,peren,2994,0.70,0.47,2105.35,701.78
74,2022-10-08,kip,1001,1.99,1.33,1994.63,664.88
75,2022-10-08,rund,792,3.57,2.38,2825.53,941.84
76,2022-10-08,vis,599,3.30,2.20,1975.64,658.55
77,2022-10-08,bier,1195,1.95,1.30,2326.01,775.34
78,2022-10-08,chips,496,1.24,0.82,612.58,204.19
79,2022-10-08,brood,403,0.90,0.60,364.43,121.48
80,2022-10-08,cola,794,1.21,0.81,960.70,320.23
81,2022-10-09,bananen,1999,0.07,0.05,149.53,49.84
82,2022-10-09,appels,4064,1.13,0.76,4610.54,1536.85
83,2022-10-09,peren,3001,0.08,0.05,232.56,77.52
84,2022-10-09,kip,1006,4.19,2.79,4213.26,1404.42
85,2022-10-09,rund,803,5.35,3.57,4297.11,1432.37
86,2022-10-09,vis,599,5.31,3.54,3183.50,1061.17
87,2022-10-09,bier,1208,3.46,2.31,4177.69,1392.56
88,2022-10-09,chips,498,1.95,1.30,972.21,324.07
89,2022-10-09,brood,405,0.72,0.48,290.91,96.97
90,2022-10-09,cola,791,2.71,1.81,2145.62,715.21
91,2022-10-10,bananen,2001,0.87,0.58,1731.10,577.03
92,2022-10-10,appels,4020,0.22,0.14,873.41,291.14
93,2022-10-10,peren,3006,0.00,0.00,14.47,4.82
94,2022-10-10,kip,1001,1.62,1.08,1617.51,539.17
95,2022-10-10,rund,797,5.83,3.88,4643.98,1547.99
96,2022-10-10,vis,605,5.18,3.46,3136.34,1045.45
97,2022-10-10,bier,1191,2.01,1.34,2395.72,798.57
98,2022-10-10,chips,501,1.56,1.04,780.90,260.30
99,2022-10-10,brood,401,0.49,0.33,196.88,65.63
100,2022-10-10,cola,794,0.61,0.41,485.36,161.79
101,2022-10-11,bananen,1996,1.38,0.92,2756.78,918.93
102,2022-10-11,appels,4092,0.89,0.59,3638.91,1212.97
103,2022-10-11,peren,2994,0.87,0.58,2599.27,866.42
104,2022-10-11,kip,998,1.84,1.22,1832.70,610.90
105,2022-10-11,rund,803,5.64,3.76,4525.46,1508.49
106,2022-10-11,vis,598,4.38,2.92,2621.01,873.67
107,2022-10-11,bier,1194,4.43,2.95,5284.61,1761.54
108,2022-10-11,chips,501,0.35,0.24,177.70,59.23
109,2022-10-11,brood,403,0.15,0.10,61.38,20.46
110,2022-10-11,cola,805,1.83,1.22,1469.27,489.76
111,2022-10-12,bananen,1996,1.47,0.98,2939.53,979.84
112,2022-10-12,appels,4089,1.26,0.84,5154.11,1718.04
113,2022-10-12,peren,2993,0.86,0.57,2559.50,853.17
114,2022-10-12,kip,1000,3.93,2.62,3933.73,1311.24
115,2022-10-12,rund,791,3.13,2.09,2475.10,825.03
116,2022-10-12,vis,595,3.72,2.48,2214.86,738.29
117,2022-10-12,bier,1201,2.79,1.86,3354.22,1118.07
118,2022-10-12,chips,497,1.24,0.82,614.92,204.97
119,2022-10-12,brood,398,1.48,0.99,589.95,196.65
120,2022-10-12,cola,800,2.21,1.47,1765.33,588.44
121,2022-10-13,bananen,2005,0.86,0.58,1733.05,577.68
122,2022-10-13,appels,4043,0.21,0.14,863.19,287.73
123,2022-10-13,peren,3000,0.93,0.62,2794.40,931.47
124,2022-10-13,kip,1010,4.06,2.71,4102.96,1367.65
125,2022-10-13,rund,810,3.52,2.35,2851.72,950.57
126,2022-10-13,vis,602,4.08,2.72,2459.03,819.68
127,2022-10-13,bier,1198,1.74,1.16,2080.56,693.52
128,2022-10-13,chips,506,0.32,0.22,163.90,54.63
129,2022-10-13,brood,400,1.15,0.77,459.30,153.10
130,2022-10-13,cola,802,1.65,1.10,1325.33,441.78
131,2022-10-14,bananen,1999,0.92,0.61,1831.29,610.43
132,2022-10-14,appels,4022,0.74,0.50,2986.49,995.50
133,2022-10-14,peren,3001,1.12,0.74,3351.55,1117.18
134,2022-10-14,kip,999,4.08,2.72,4080.21,1360.07
135,2022-10-14,rund,800,5.50,3.67,4402.32,1467.44
136,2022-10-14,vis,604,3.64,2.43,2199.52,733.17
137,2022-10-14,bier,1200,2.83,1.89,3400.54,1133.51
138,2022-10-14,chips,498,1.63,1.09,813.29,271.10
139,2022-10-14,brood,396,0.27,0.18,107.51,35.84
140,2022-10-14,cola,805,1.19,0.79,955.58,318.53
141,2022-10-15,bananen,2001,1.07,0.71,2133.59,711.20
142,2022-10-15,appels,4012,0.96,0.64,3837.97,1279.32
143,2022-10-15,peren,3001,0.03,0.02,94.92,31.64
144,2022-10-15,kip,1000,3.93,2.62,3927.12,1309.04
145,2022-10-15,rund,798,5.00,3.33,3991.25,1330.42
146,2022-10-15,vis,593,5.93,3.95,3514.48,1171.49
147,2022-10-15,bier,1195,2.46,1.64,2934.44,978.15
148,2022-10-15,chips,504,0.11,0.07,55.05,18.35
149,2022-10-15,brood,398,1.10,0.73,436.16,145.39
150,2022-10-15,cola,805,1.12,0.75,903.06,301.02
151,2022-10-16,bananen,1998,1.16,0.77,2309.87,769.96
152,2022-10-16,appels,4048,1.45,0.97,5887.60,1962.53
153,2022-10-16,peren,2998,1.35,0.90,4062.07,1354.02
154,2022-10-16,kip,993,1.61,1.07,1600.83,533.61
155,2022-10-16,rund,804,4.38,2.92,3524.00,1174.67
156,2022-10-16,vis,600,5.54,3.70,3326.41,1108.80
157,2022-10-16,bier,1201,2.17,1.45,2609.69,869.90
158,2022-10-16,chips,490,0.03,0.02,14.19,4.73
159,2022-10-16,brood,401,1.27,0.84,508.17,169.39
160,2022-10-16,cola,801,2.59,1.73,2076.25,692.08
161,2022-10-17,bananen,2006,0.37,0.25,738.02,246.01
162,2022-10-17,appels,4007,0.89,0.59,3563.95,1187.98
163,2022-10-17,peren,3000,1.05,0.70,3162.17,1054.06
164,2022-10-17,kip,1007,3.74,2.49,3761.18,1253.73
165,2022-10-17,rund,796,4.39,2.93,3494.74,1164.91
166,2022-10-17,vis,596,3.16,2.11,1884.71,628.24
167,2022-10-17,bier,1192,2.42,1.62,2890.05,963.35
168,2022-10-17,chips,504,1.00,0.67,503.88,167.96
169,2022-10-17,brood,406,0.15,0.10,62.31,20.77
170,2022-10-17,cola,799,1.76,1.17,1406.09,468.70
171,2022-10-18,bananen,1997,0.83,0.55,1658.92,552.97
172,2022-10-18,appels,4080,0.97,0.65,3953.68,1317.89
173,2022-10-18,peren,2997,0.38,0.25,1138.24,379.41
174,2022-10-18,kip,997,3.66,2.44,3653.07,1217.69
175,2022-10-18,rund,805,3.82,2.55,3077.65,1025.88
176,2022-10-18,vis,594,5.64,3.76,3349.58,1116.53
177,2022-10-18,bier,1195,4.05,2.70,4836.16,1612.05
178,2022-10-18,chips,498,1.79,1.19,889.38,296.46
179,2022-10-18,brood,399,1.02,0.68,406.86,135.62
180,2022-10-18,cola,803,1.97,1.32,1584.96,528.32
181,2022-10-19,bananen,1999,0.25,0.16,490.99,163.66
182,2022-10-19,appels,3998,0.78,0.52,3108.51,1036.17
183,2022-10-19,peren,3000,1.42,0.95,4259.96,1419.99
184,2022-10-19,kip,998,4.18,2.79,4172.26,1390.75
185,2022-10-19,rund,802,3.70,2.46,2963.69,987.90
186,2022-10-19,vis,601,3.70,2.47,2225.45,741.82
187,2022-10-19,bier,1194,2.75,1.83,3281.33,1093.78
188,2022-10-19,chips,499,1.34,0.89,666.69,222.23
189,2022-10-19,brood,407,0.64,0.43,259.83,86.61
190,2022-10-19,cola,801,1.85,1.23,1480.81,493.60
191,2022-10-20,bananen,2004,0.98,0.65,1957.25,652.42
192,2022-10-20,appels,4086,1.37,0.91,5591.87,1863.96
193,2022-10-20,peren,3006,0.11,0.07,322.97,107.66
194,2022-10-20,kip,992,3.07,2.05,3047.93,1015.98
195,2022-10-20,rund,794,4.45,2.97,3535.24,1178.41
196,2022-10-20,vis,597,4.18,2.79,2497.48,832.49
197,2022-10-20,bier,1200,2.03,1.36,2439.74,813.25
198,2022-10-20,chips,495,2.88,1.92,1427.52,475.84
199,2022-10-20,brood,393,1.47,0.98,575.84,191.95
200,2022-10-20,cola,802,1.36,0.90,1088.31,362.77
201,2022-10-21,bananen,1998,0.94,0.63,1881.71,627.24
202,2022-10-21,appels,4023,0.22,0.15,875.95,291.98
203,2022-10-21,peren,3003,1.48,0.99,4447.83,1482.61
204,2022-10-21,kip,991,2.96,1.97,2935.67,978.56
205,2022-10-21,rund,790,5.80,3.87,4585.11,1528.37
206,2022-10-21,vis,604,3.49,2.32,2105.81,701.94
207,2022-10-21,bier,1200,2.44,1.63,2925.13,975.04
208,2022-10-21,chips,496,0.56,0.37,278.25,92.75
209,2022-10-21,brood,397,0.25,0.16,97.76,32.59
210,2022-10-21,cola,797,0.55,0.36,435.56,145.19
211,2022-10-22,bananen,1997,0.75,0.50,1492.40,497.47
212,2022-10-22,appels,4070,0.91,0.60,3688.89,1229.63
213,2022-10-22,peren,3003,0.17,0.11,497.26,165.75
214,2022-10-22,kip,991,2.16,1.44,2144.00,714.67
215,2022-10-22,rund,800,3.50,2.33,2800.54,933.51
216,2022-10-22,vis,598,5.33,3.55,3187.26,1062.42
217,2022-10-22,bier,1199,3.91,2.61,4686.37,1562.12
218,2022-10-22,chips,496,0.34,0.23,170.62,56.87
219,2022-10-22,brood,393,0.69,0.46,271.80,90.60
220,2022-10-22,cola,804,2.04,1.36,1640.27,546.76
221,2022-10-23,bananen,1994,0.84,0.56,1665.59,555.20
222,2022-10-23,appels,4015,0.86,0.57,3443.00,1147.67
223,2022-10-23,peren,2998,0.59,0.39,1773.77,591.26
224,2022-10-23,kip,1003,4.43,2.95,4445.14,1481.71
225,2022-10-23,rund,801,3.97,2.64,3176.21,1058.74
226,2022-10-23,vis,601,4.40,2.94,2646.38,882.13
227,2022-10-23,bier,1197,3.67,2.44,4388.61,1462.87
228,2022-10-23,chips,504,1.46,0.98,738.35,246.12
229,2022-10-23,brood,400,0.44,0.29,176.42,58.81
230,2022-10-23,cola,795,1.92,1.28,1524.20,508.07
231,2022-10-24,bananen,1993,1.14,0.76,2277.16,759.05
232,2022-10-24,appels,4008,0.28,0.19,1112.71,370.90
233,2022-10-24,peren,3007,1.30,0.87,3917.99,1306.00
234,2022-10-24,kip,996,1.52,1.01,1513.55,504.52
235,2022-10-24,rund,798,4.41,2.94,3519.61,1173.20
236,2022-10-24,vis,603,4.41,2.94,2656.72,885.57
237,2022-10-24,bier,1200,3.20,2.13,3837.83,1279.28
238,2022-10-24,chips,492,2.32,1.54,1139.01,379.67
239,2022-10-24,brood,392,0.86,0.57,336.88,112.29
240,2022-10-24,cola,796,2.10,1.40,1669.93,556.64
241,2022-10-25,bananen,2002,0.82,0.54,1635.16,545.05
242,2022-10-25,appels,4039,0.04,0.02,141.94,47.31
243,2022-10-25,peren,2995,0.67,0.44,1992.45,664.15
244,2022-10-25,kip,1001,4.04,2.69,4041.07,1347.02
245,2022-10-25,rund,800,5.17,3.45,4135.36,1378.45
246,2022-10-25,vis,598,4.22,2.82,2525.89,841.96
247,2022-10-25,bier,1199,4.01,2.68,4811.07,1603.69
248,2022-10-25,chips,498,0.58,0.39,289.19,96.40
249,2022-10-25,brood,401,0.47,0.32,189.54,63.18
250,2022-10-25,cola,802,0.23,0.16,187.17,62.39
251,2022-10-26,bananen,1995,0.34,0.23,679.43,226.48
252,2022-10-26,appels,4037,0.88,0.59,3555.12,1185.04
253,2022-10-26,peren,2991,0.03,0.02,81.20,27.07
254,2022-10-26,kip,1003,2.40,1.60,2404.39,801.46
255,2022-10-26,rund,796,4.32,2.88,3435.15,1145.05
256,2022-10-26,vis,594,3.64,2.43,2164.91,721.64
257,2022-10-26,bier,1206,2.20,1.47,2657.78,885.93
258,2022-10-26,chips,492,0.86,0.58,425.17,141.72
259,2022-10-26,brood,406,0.75,0.50,303.29,101.10
260,2022-10-26,cola,797,1.88,1.25,1497.63,499.21
261,2022-10-27,bananen,1998,0.09,0.06,182.48,60.83
262,2022-10-27,appels,4065,0.72,0.48,2924.87,974.96
263,2022-10-27,peren,3004,0.29,0.20,886.00,295.33
264,2022-10-27,kip,1000,3.74,2.49,3738.21,1246.07
265,2022-10-27,rund,799,3.46,2.31,2764.75,921.58
266,2022-10-27,vis,605,4.95,3.30,2996.23,998.74
267,2022-10-27,bier,1203,2.74,1.83,3301.78,1100.59
268,2022-10-27,chips,492,1.26,0.84,620.12,206.71
269,2022-10-27,brood,395,0.38,0.25,150.02,50.01
270,2022-10-27,cola,794,1.83,1.22,1452.67,484.22
271,2022-10-28,bananen,1999,0.86,0.57,1719.16,573.05
272,2022-10-28,appels,4065,1.26,0.84,5110.10,1703.37
273,2022-10-28,peren,2995,1.00,0.66,2981.97,993.99
274,2022-10-28,kip,1005,3.12,2.08,3138.70,1046.23
275,2022-10-28,rund,801,5.94,3.96,4754.26,1584.75
276,2022-10-28,vis,605,5.00,3.33,3025.61,1008.54
277,2022-10-28,bier,1203,2.98,1.98,3581.30,1193.77
278,2022-10-28,chips,496,1.68,1.12,835.20,278.40
279,2022-10-28,brood,392,1.11,0.74,434.18,144.73
280,2022-10-28,cola,798,2.17,1.45,1730.17,576.72
281,2022-10-29,bananen,1992,1.42,0.95,2832.61,944.20
282,2022-10-29,appels,4057,0.99,0.66,4029.35,1343.12
283,2022-10-29,peren,3004,0.42,0.28,1251.21,417.07
284,2022-10-29,kip,998,3.22,2.15,3215.49,1071.83
285,2022-10-29,rund,804,3.55,2.37,2853.11,951.04
286,2022-10-29,vis,607,3.80,2.54,2309.42,769.81
287,2022-10-29,bier,1200,2.01,1.34,2408.04,802.68
288,2022-10-29,chips,499,2.69,1.79,1341.25,447.08
289,2022-10-29,brood,397,1.10,0.74,438.35,146.12
290,2022-10-29,cola,795,0.29,0.19,231.15,77.05
291,2022-10-30,bananen,1996,1.03,0.69,2064.64,688.21
292,2022-10-30,appels,4055,1.08,0.72,4390.88,1463.63
293,2022-10-30,peren,2997,0.51,0.34,1513.96,504.65
294,2022-10-30,kip,1006,2.33,1.55,2346.03,782.01
295,2022-10-30,rund,805,5.38,3.59,4333.32,1444.44
296,2022-10-30,vis,600,5.26,3.50,3153.12,1051.04
297,2022-10-30,bier,1200,4.44,2.96,5324.91,1774.97
298,2022-10-30,chips,504,1.59,1.06,798.89,266.30
299,2022-10-30,brood,399,1.25,0.83,497.57,165.86
300,2022-10-30,cola,795,2.99,1.99,2374.10,791.37
301,2022-10-31,bananen,1992,0.68,0.46,1362.04,454.01
302,2022-10-31,appels,4098,0.64,0.42,2612.25,870.75
303,2022-10-31,peren,3001,1.11,0.74,3343.11,1114.37
304,2022-10-31,kip,997,3.57,2.38,3563.92,1187.97
305,2022-10-31,rund,797,3.33,2.22,2656.96,885.65
306,2022-10-31,vis,605,4.14,2.76,2502.14,834.05
307,2022-10-31,bier,1207,1.76,1.17,2121.77,707.26
308,2022-10-31,chips,502,0.64,0.43,322.17,107.39
309,2022-10-31,brood,400,1.49,0.99,596.68,198.89
310,2022-10-31,cola,804,0.18,0.12,145.87,48.62
311,2022-11-01,bananen,1994,0.87,0.58,1740.25,580.08
312,2022-11-01,appels,4004,0.93,0.62,3742.08,1247.36
313,2022-11-01,peren,3001,0.55,0.37,1653.66,551.22
314,2022-11-01,kip,1004,3.32,2.21,3335.44,1111.81
315,2022-11-01,rund,800,4.73,3.15,3784.88,1261.63
316,2022-11-01,vis,596,3.81,2.54,2270.57,756.86
317,2022-11-01,bier,1193,4.49,2.99,5352.54,1784.18
318,2022-11-01,chips,499,1.24,0.83,619.37,206.46
319,2022-11-01,brood,395,0.56,0.37,220.27,73.42
320,2022-11-01,cola,792,1.54,1.02,1216.42,405.47
321,2022-11-02,bananen,1999,0.17,0.11,337.78,112.59
322,2022-11-02,appels,4017,0.79,0.52,3157.02,1052.34
323,2022-11-02,peren,2998,0.84,0.56,2532.83,844.28
324,2022-11-02,kip,1001,4.19,2.79,4190.31,1396.77
325,2022-11-02,rund,801,5.01,3.34,4015.54,1338.51
326,2022-11-02,vis,608,3.72,2.48,2263.77,754.59
327,2022-11-02,bier,1192,3.19,2.13,3801.07,1267.02
328,2022-11-02,chips,501,1.89,1.26,945.53,315.18
329,2022-11-02,brood,396,0.39,0.26,153.73,51.24
330,2022-11-02,cola,799,1.55,1.03,1237.56,412.52
331,2022-11-03,bananen,1994,0.70,0.47,1391.34,463.78
332,2022-11-03,appels,4007,0.58,0.38,2310.50,770.17
333,2022-11-03,peren,3001,1.49,1.00,4482.17,1494.06
334,2022-11-03,kip,997,3.66,2.44,3650.82,1216.94
335,2022-11-03,rund,803,4.57,3.04,3666.01,1222.00
336,2022-11-03,vis,597,5.03,3.36,3005.86,1001.95
337,2022-11-03,bier,1204,4.11,2.74,4947.22,1649.07
338,2022-11-03,chips,505,1.22,0.81,616.34,205.45
339,2022-11-03,brood,395,1.34,0.89,529.90,176.63
340,2022-11-03,cola,802,2.11,1.41,1694.06,564.69
341,2022-11-04,bananen,2000,0.56,0.38,1127.99,376.00
342,2022-11-04,appels,4066,1.45,0.97,5906.27,1968.76
343,2022-11-04,peren,2990,1.24,0.83,3702.76,1234.25
344,2022-11-04,kip,1000,2.40,1.60,2396.46,798.82
345,2022-11-04,rund,799,5.06,3.37,4044.91,1348.30
346,2022-11-04,vis,599,5.95,3.96,3561.31,1187.10
347,2022-11-04,bier,1203,2.82,1.88,3397.66,1132.55
348,2022-11-04,chips,501,0.32,0.21,158.49,52.83
349,2022-11-04,brood,402,0.32,0.21,127.68,42.56
350,2022-11-04,cola,803,0.33,0.22,265.00,88.33
351,2022-11-05,bananen,1993,1.13,0.76,2261.43,753.81
352,2022-11-05,appels,4041,0.77,0.52,3123.14,1041.05
353,2022-11-05,peren,3004,0.48,0.32,1442.97,480.99
354,2022-11-05,kip,1007,2.93,1.95,2952.05,984.02
355,2022-11-05,rund,806,5.19,3.46,4181.88,1393.96
356,2022-11-05,vis,602,3.13,2.09,1883.36,627.79
357,2022-11-05,bier,1200,4.17,2.78,5004.46,1668.15
358,2022-11-05,chips,501,0.23,0.15,113.32,37.77
359,2022-11-05,brood,400,0.34,0.22,134.73,44.91
360,2022-11-05,cola,796,1.79,1.20,1427.30,475.77
361,2022-11-06,bananen,2007,1.33,0.89,2665.49,888.50
362,2022-11-06,appels,4007,1.06,0.70,4229.20,1409.73
363,2022-11-06,peren,2998,0.58,0.38,1727.95,575.98
364,2022-11-06,kip,999,2.47,1.64,2464.24,821.41
365,2022-11-06,rund,806,4.88,3.25,3934.50,1311.50
366,2022-11-06,vis,600,3.63,2.42,2175.89,725.30
367,2022-11-06,bier,1197,4.01,2.67,4795.42,1598.47
368,2022-11-06,chips,496,2.71,1.81,1343.39,447.80
369,2022-11-06,brood,406,0.82,0.54,331.86,110.62
370,2022-11-06,cola,803,0.65,0.43,518.85,172.95
371,2022-11-07,bananen,1999,0.36,0.24,721.44,240.48
372,2022-11-07,appels,4011,1.11,0.74,4469.56,1489.85
373,2022-11-07,peren,3009,1.42,0.95,4277.61,1425.87
374,2022-11-07,kip,1001,3.92,2.61,3923.50,1307.83
375,2022-11-07,rund,800,3.88,2.59,3103.17,1034.39
376,2022-11-07,vis,601,4.75,3.17,2857.26,952.42
377,2022-11-07,bier,1201,2.58,1.72,3093.33,1031.11
378,2022-11-07,chips,502,0.82,0.55,412.24,137.41
379,2022-11-07,brood,392,0.39,0.26,150.94,50.31
380,2022-11-07,cola,793,2.16,1.44,1710.98,570.33
381,2022-11-08,bananen,2000,0.35,0.23,697.92,232.64
382,2022-11-08,appels,4002,1.47,0.98,5896.39,1965.46
383,2022-11-08,peren,2999,1.12,0.74,3345.41,1115.14
384,2022-11-08,kip,1001,2.65,1.77,2652.64,884.21
385,2022-11-08,rund,801,5.40,3.60,4328.53,1442.84
386,2022-11-08,vis,598,3.12,2.08,1868.55,622.85
387,2022-11-08,bier,1209,2.69,1.80,3257.07,1085.69
388,2022-11-08,chips,498,0.10,0.07,52.09,17.36
389,2022-11-08,brood,396,0.70,0.46,275.90,91.97
390,2022-11-08,cola,803,2.12,1.41,1700.14,566.71
391,2022-11-09,bananen,1999,1.29,0.86,2575.13,858.38
392,2022-11-09,appels,4074,0.81,0.54,3297.48,1099.16
393,2022-11-09,peren,2999,0.26,0.17,771.68,257.23
394,2022-11-09,kip,1002,3.67,2.45,3681.38,1227.13
395,2022-11-09,rund,802,3.07,2.05,2463.65,821.22
396,2022-11-09,vis,607,3.99,2.66,2420.01,806.67
397,2022-11-09,bier,1202,4.04,2.69,4850.46,1616.82
398,2022-11-09,chips,498,0.22,0.15,108.51,36.17
399,2022-11-09,brood,400,1.01,0.68,405.57,135.19
400,2022-11-09,cola,804,0.48,0.32,386.64,128.88
401,2022-11-10,bananen,1992,0.16,0.11,316.30,105.43
402,2022-11-10,appels,4071,0.11,0.07,456.77,152.26
403,2022-11-10,peren,3003,1.47,0.98,4424.54,1474.85
404,2022-11-10,kip,998,2.82,1.88,2816.48,938.83
405,2022-11-10,rund,805,5.23,3.49,4213.76,1404.59
406,2022-11-10,vis,605,4.48,2.99,2709.74,903.25
407,2022-11-10,bier,1196,2.82,1.88,3366.82,1122.27
408,2022-11-10,chips,502,2.86,1.90,1433.83,477.94
409,2022-11-10,brood,405,0.70,0.46,282.39,94.13
410,2022-11-10,cola,798,0.26,0.17,206.32,68.77
411,2022-11-11,bananen,2003,1.20,0.80,2410.53,803.51
412,2022-11-11,appels,4066,0.52,0.34,2102.41,700.80
413,2022-11-11,peren,3006,0.44,0.30,1331.36,443.79
414,2022-11-11,kip,1009,3.50,2.33,3529.47,1176.49
415,2022-11-11,rund,800,3.26,2.17,2604.16,868.05
416,2022-11-11,vis,600,5.75,3.83,3449.42,1149.81
417,2022-11-11,bier,1196,4.32,2.88,5165.64,1721.88
418,2022-11-11,chips,499,2.46,1.64,1226.71,408.90
419,2022-11-11,brood,408,0.47,0.31,191.23,63.74
420,2022-11-11,cola,790,0.44,0.30,351.42,117.14
421,2022-11-12,bananen,1999,0.75,0.50,1493.65,497.88
422,2022-11-12,appels,4007,0.33,0.22,1302.61,434.20
423,2022-11-12,peren,3000,1.15,0.76,3436.15,1145.38
424,2022-11-12,kip,996,2.83,1.89,2822.33,940.78
425,2022-11-12,rund,810,5.64,3.76,4566.78,1522.26
426,2022-11-12,vis,595,4.25,2.83,2526.39,842.13
427,2022-11-12,bier,1202,4.17,2.78,5015.35,1671.78
428,2022-11-12,chips,499,1.65,1.10,824.20,274.73
429,2022-11-12,brood,396,0.93,0.62,369.78,123.26
430,2022-11-12,cola,799,1.19,0.79,948.37,316.12
431,2022-11-13,bananen,2000,1.38,0.92,2758.01,919.34
432,2022-11-13,appels,4010,0.66,0.44,2652.27,884.09
433,2022-11-13,peren,3001,1.19,0.79,3577.79,1192.60
434,2022-11-13,kip,1001,2.44,1.63,2441.09,813.70
435,2022-11-13,rund,805,3.38,2.26,2724.58,908.19
436,2022-11-13,vis,591,4.16,2.77,2457.95,819.32
437,2022-11-13,bier,1198,3.24,2.16,3882.39,1294.13
438,2022-11-13,chips,495,0.47,0.31,230.36,76.79
439,2022-11-13,brood,391,0.44,0.30,173.14,57.71
440,2022-11-13,cola,797,2.13,1.42,1695.35,565.12
441,2022-11-14,bananen,2006,0.80,0.53,1597.71,532.57
442,2022-11-14,appels,4043,0.59,0.40,2398.01,799.34
443,2022-11-14,peren,2993,1.48,0.99,4435.62,1478.54
444,2022-11-14,kip,1002,3.38,2.25,3385.24,1128.41
445,2022-11-14,rund,808,5.87,3.91,4741.18,1580.39
446,2022-11-14,vis,592,3.75,2.50,2222.00,740.67
447,2022-11-14,bier,1190,4.31,2.87,5126.73,1708.91
448,2022-11-14,chips,502,1.81,1.21,908.84,302.95
449,2022-11-14,brood,400,0.21,0.14,83.82,27.94
450,2022-11-14,cola,794,1.63,1.09,1295.06,431.69
451,2022-11-15,bananen,1999,0.05,0.04,105.52,35.17
452,2022-11-15,appels,4058,1.26,0.84,5101.68,1700.56
453,2022-11-15,peren,2999,0.63,0.42,1892.81,630.94
454,2022-11-15,kip,1000,4.46,2.97,4456.93,1485.64
455,2022-11-15,rund,796,5.90,3.93,4697.91,1565.97
456,2022-11-15,vis,598,4.34,2.89,2594.95,864.98
457,2022-11-15,bier,1195,2.83,1.89,3383.67,1127.89
458,2022-11-15,chips,497,2.41,1.61,1196.90,398.97
459,2022-11-15,brood,404,1.46,0.97,588.45,196.15
460,2022-11-15,cola,798,2.96,1.97,2361.74,787.25
461,2022-11-16,bananen,2001,1.11,0.74,2229.73,743.24
462,2022-11-16,appels,4031,0.89,0.59,3576.35,1192.12
463,2022-11-16,peren,3002,0.58,0.38,1730.44,576.81
464,2022-11-16,kip,1010,2.12,1.41,2136.32,712.11
465,2022-11-16,rund,796,3.65,2.43,2902.12,967.37
466,2022-11-16,vis,609,4.53,3.02,2757.55,919.18
467,2022-11-16,bier,1208,2.22,1.48,2686.33,895.44
468,2022-11-16,chips,500,1.14,0.76,570.69,190.23
469,2022-11-16,brood,396,0.54,0.36,215.52,71.84
470,2022-11-16,cola,796,0.95,0.63,758.12,252.71
471,2022-11-17,bananen,1999,0.18,0.12,357.78,119.26
472,2022-11-17,appels,3996,0.84,0.56,3355.73,1118.58
473,2022-11-17,peren,2999,0.79,0.53,2384.14,794.71
474,2022-11-17,kip,1001,2.39,1.59,2391.37,797.12
475,2022-11-17,rund,795,5.66,3.77,4500.36,1500.12
476,2022-11-17,vis,603,3.95,2.63,2379.10,793.03
477,2022-11-17,bier,1201,2.45,1.63,2938.35,979.45
478,2022-11-17,chips,495,2.24,1.49,1107.13,369.04
479,2022-11-17,brood,399,1.40,0.93,556.76,185.59
480,2022-11-17,cola,804,1.32,0.88,1061.71,353.90
481,2022-11-18,bananen,2001,0.07,0.04,130.38,43.46
482,2022-11-18,appels,4085,1.32,0.88,5400.43,1800.14
483,2022-11-18,peren,2999,0.88,0.59,2653.04,884.35
484,2022-11-18,kip,1001,3.87,2.58,3875.97,1291.99
485,2022-11-18,rund,795,4.97,3.31,3952.04,1317.35
486,2022-11-18,vis,596,3.79,2.53,2260.10,753.37
487,2022-11-18,bier,1203,3.23,2.15,3886.63,1295.54
488,2022-11-18,chips,494,2.29,1.53,1131.09,377.03
489,2022-11-18,brood,400,1.30,0.87,519.53,173.18
490,2022-11-18,cola,793,1.90,1.27,1506.06,502.02
491,2022-11-19,bananen,2000,0.42,0.28,838.05,279.35
492,2022-11-19,appels,4084,0.49,0.33,2019.25,673.08
493,2022-11-19,peren,3008,0.89,0.59,2675.89,891.96
494,2022-11-19,kip,997,4.39,2.93,4379.88,1459.96
495,2022-11-19,rund,799,4.41,2.94,3527.23,1175.74
496,2022-11-19,vis,603,3.82,2.55,2303.02,767.67
497,2022-11-19,bier,1206,2.11,1.40,2541.26,847.09
498,2022-11-19,chips,499,2.61,1.74,1304.01,434.67
499,2022-11-19,brood,399,0.85,0.56,337.90,112.63
500,2022-11-19,cola,803,2.88,1.92,2315.26,771.75
501,2022-11-20,bananen,2004,1.04,0.69,2079.25,693.08
502,2022-11-20,appels,4092,1.19,0.79,4859.68,1619.89
503,2022-11-20,peren,3004,1.43,0.95,4300.95,1433.65
504,2022-11-20,kip,999,4.18,2.78,4172.27,1390.76
505,2022-11-20,rund,807,3.93,2.62,3171.81,1057.27
506,2022-11-20,vis,598,5.94,3.96,3553.81,1184.60
507,2022-11-20,bier,1205,3.09,2.06,3718.37,1239.46
508,2022-11-20,chips,502,0.98,0.65,492.63,164.21
509,2022-11-20,brood,402,0.73,0.48,291.61,97.20
510,2022-11-20,cola,806,0.56,0.37,449.25,149.75
511,2022-11-21,bananen,1999,0.21,0.14,415.08,138.36
512,2022-11-21,appels,4098,1.36,0.91,5591.66,1863.89
513,2022-11-21,peren,2998,0.58,0.39,1744.26,581.42
514,2022-11-21,kip,990,4.07,2.71,4024.89,1341.63
515,2022-11-21,rund,798,5.03,3.35,4015.56,1338.52
516,2022-11-21,vis,603,3.65,2.43,2200.51,733.50
517,2022-11-21,bier,1204,2.45,1.63,2949.51,983.17
518,2022-11-21,chips,503,0.90,0.60,454.94,151.65
519,2022-11-21,brood,396,0.71,0.47,282.03,94.01
520,2022-11-21,cola,805,0.74,0.50,598.14,199.38
521,2022-11-22,bananen,2008,1.22,0.81,2447.53,815.84
522,2022-11-22,appels,4056,0.51,0.34,2071.24,690.41
523,2022-11-22,peren,2996,0.95,0.63,2848.18,949.39
524,2022-11-22,kip,996,3.29,2.19,3276.89,1092.30
525,2022-11-22,rund,802,4.92,3.28,3949.62,1316.54
526,2022-11-22,vis,603,3.19,2.12,1920.66,640.22
527,2022-11-22,bier,1198,2.16,1.44,2583.63,861.21
528,2022-11-22,chips,494,2.38,1.58,1173.99,391.33
529,2022-11-22,brood,394,0.26,0.17,103.28,34.43
530,2022-11-22,cola,795,2.44,1.63,1940.17,646.72
531,2022-11-23,bananen,2004,0.95,0.63,1904.87,634.96
532,2022-11-23,appels,4027,0.08,0.06,341.96,113.99
533,2022-11-23,peren,2995,0.94,0.63,2824.20,941.40
534,2022-11-23,kip,1004,3.63,2.42,3646.33,1215.44
535,2022-11-23,rund,800,3.29,2.19,2629.44,876.48
536,2022-11-23,vis,603,3.80,2.53,2289.45,763.15
537,2022-11-23,bier,1202,3.58,2.39,4307.38,1435.79
538,2022-11-23,chips,499,0.71,0.47,353.25,117.75
539,2022-11-23,brood,408,0.56,0.37,228.49,76.16
540,2022-11-23,cola,794,1.14,0.76,908.03,302.68
541,2022-11-24,bananen,2004,1.45,0.97,2911.48,970.49
542,2022-11-24,appels,4022,1.37,0.91,5500.39,1833.46
543,2022-11-24,peren,3002,0.67,0.45,2006.63,668.88
544,2022-11-24,kip,1000,1.74,1.16,1740.46,580.15
545,2022-11-24,rund,800,5.91,3.94,4731.21,1577.07
546,2022-11-24,vis,604,3.77,2.52,2279.13,759.71
547,2022-11-24,bier,1193,3.73,2.49,4455.20,1485.07
548,2022-11-24,chips,494,0.61,0.40,299.09,99.70
549,2022-11-24,brood,394,0.32,0.21,126.42,42.14
550,2022-11-24,cola,800,1.65,1.10,1318.99,439.66
551,2022-11-25,bananen,2004,1.21,0.81,2426.21,808.74
552,2022-11-25,appels,4081,0.11,0.07,454.67,151.56
553,2022-11-25,peren,3009,0.53,0.35,1601.80,533.93
554,2022-11-25,kip,1001,2.19,1.46,2188.37,729.46
555,2022-11-25,rund,808,5.99,3.99,4837.98,1612.66
556,2022-11-25,vis,606,5.78,3.85,3502.64,1167.55
557,2022-11-25,bier,1202,4.23,2.82,5087.31,1695.77
558,2022-11-25,chips,494,2.08,1.39,1026.54,342.18
559,2022-11-25,brood,401,1.31,0.87,525.30,175.10
560,2022-11-25,cola,797,2.46,1.64,1957.14,652.38
561,2022-11-26,bananen,1999,1.29,0.86,2576.65,858.88
562,2022-11-26,appels,4001,0.98,0.65,3908.87,1302.96
563,2022-11-26,peren,3006,0.22,0.15,655.41,218.47
564,2022-11-26,kip,998,2.14,1.42,2132.96,710.99
565,2022-11-26,rund,809,4.27,2.85,3453.90,1151.30
566,2022-11-26,vis,594,3.12,2.08,1854.27,618.09
567,2022-11-26,bier,1198,3.90,2.60,4675.97,1558.66
568,2022-11-26,chips,495,2.49,1.66,1234.05,411.35
569,2022-11-26,brood,399,1.39,0.93,555.60,185.20
570,2022-11-26,cola,797,1.73,1.15,1378.36,459.45
571,2022-11-27,bananen,1999,0.54,0.36,1086.56,362.19
572,2022-11-27,appels,4063,0.35,0.23,1415.08,471.69
573,2022-11-27,peren,3001,0.75,0.50,2249.44,749.81
574,2022-11-27,kip,1002,1.56,1.04,1567.37,522.46
575,2022-11-27,rund,803,5.94,3.96,4768.96,1589.65
576,2022-11-27,vis,602,4.31,2.87,2592.95,864.32
577,2022-11-27,bier,1199,4.44,2.96,5317.76,1772.59
578,2022-11-27,chips,505,0.18,0.12,90.43,30.14
579,2022-11-27,brood,398,0.71,0.47,281.30,93.77
580,2022-11-27,cola,792,0.34,0.23,267.76,89.25
581,2022-11-28,bananen,2004,1.37,0.91,2736.45,912.15
582,2022-11-28,appels,4024,0.83,0.55,3338.29,1112.76
583,2022-11-28,peren,3007,1.08,0.72,3254.00,1084.67
584,2022-11-28,kip,1000,2.08,1.39,2080.30,693.43
585,2022-11-28,rund,800,4.00,2.67,3198.59,1066.20
586,2022-11-28,vis,596,3.29,2.19,1961.11,653.70
587,2022-11-28,bier,1198,1.79,1.19,2147.20,715.73
588,2022-11-28,chips,499,0.36,0.24,178.54,59.51
589,2022-11-28,brood,405,0.50,0.34,204.14,68.05
590,2022-11-28,cola,794,1.51,1.01,1202.22,400.74
591,2022-11-29,bananen,1994,0.42,0.28,843.51,281.17
592,2022-11-29,appels,3997,0.59,0.39,2340.27,780.09
593,2022-11-29,peren,3002,1.39,0.93,4174.30,1391.43
594,2022-11-29,kip,1000,2.53,1.68,2525.07,841.69
595,2022-11-29,rund,803,5.60,3.73,4495.50,1498.50
596,2022-11-29,vis,594,5.32,3.55,3161.74,1053.91
597,2022-11-29,bier,1200,4.11,2.74,4933.48,1644.49
598,2022-11-29,chips,498,1.23,0.82,613.41,204.47
599,2022-11-29,brood,407,0.30,0.20,122.20,40.73
600,2022-11-29,cola,804,2.15,1.43,1725.68,575.23
601,2022-11-30,bananen,1997,0.06,0.04,117.92,39.31
602,2022-11-30,appels,4089,0.37,0.25,1519.10,506.37
603,2022-11-30,peren,2994,0.72,0.48,2165.57,721.86
604,2022-11-30,kip,993,3.53,2.35,3506.52,1168.84
605,2022-11-30,rund,800,3.98,2.66,3187.97,1062.66
606,2022-11-30,vis,599,4.99,3.33,2988.44,996.15
607,2022-11-30,bier,1192,2.75,1.83,3273.20,1091.07
608,2022-11-30,chips,498,1.76,1.17,876.22,292.07
609,2022-11-30,brood,394,1.44,0.96,566.80,188.93
610,2022-11-30,cola,799,1.22,0.81,974.97,324.99
611,2022-12-01,bananen,1993,0.13,0.09,267.69,89.23
612,2022-12-01,appels,3997,1.06,0.71,4246.66,1415.55
613,2022-12-01,peren,3000,1.26,0.84,3793.48,1264.49
614,2022-12-01,kip,993,4.04,2.69,4014.12,1338.04
615,2022-12-01,rund,800,5.78,3.85,4621.58,1540.53
616,2022-12-01,vis,601,4.12,2.75,2476.94,825.65
617,2022-12-01,bier,1199,3.73,2.48,4468.25,1489.42
618,2022-12-01,chips,499,2.01,1.34,1005.27,335.09
619,2022-12-01,brood,405,0.80,0.53,323.88,107.96
620,2022-12-01,cola,801,2.26,1.51,1809.19,603.06
621,2022-12-02,bananen,2005,0.45,0.30,909.07,303.02
622,2022-12-02,appels,4026,1.10,0.73,4429.32,1476.44
623,2022-12-02,peren,2998,0.48,0.32,1443.76,481.25
624,2022-12-02,kip,993,1.62,1.08,1606.12,535.37
625,2022-12-02,rund,802,4.93,3.29,3953.53,1317.84
626,2022-12-02,vis,603,4.11,2.74,2476.88,825.63
627,2022-12-02,bier,1200,4.11,2.74,4926.61,1642.20
628,2022-12-02,chips,502,1.48,0.99,744.16,248.05
629,2022-12-02,brood,401,0.22,0.15,87.41,29.14
630,2022-12-02,cola,800,0.90,0.60,716.27,238.76
631,2022-12-03,bananen,2006,1.03,0.69,2068.33,689.44
632,2022-12-03,appels,4105,0.68,0.45,2793.38,931.13
633,2022-12-03,peren,3000,0.46,0.31,1387.54,462.51
634,2022-12-03,kip,998,2.29,1.53,2289.76,763.25
635,2022-12-03,rund,799,3.17,2.11,2532.69,844.23
636,2022-12-03,vis,595,4.40,2.93,2617.89,872.63
637,2022-12-03,bier,1206,3.40,2.27,4103.37,1367.79
638,2022-12-03,chips,502,2.81,1.87,1410.90,470.30
639,2022-12-03,brood,401,1.30,0.87,522.68,174.23
640,2022-12-03,cola,799,0.63,0.42,502.00,167.33
641,2022-12-04,bananen,1994,0.62,0.42,1243.97,414.66
642,2022-12-04,appels,4051,0.21,0.14,868.60,289.53
643,2022-12-04,peren,2996,0.52,0.34,1544.84,514.95
644,2022-12-04,kip,1001,4.44,2.96,4440.80,1480.27
645,2022-12-04,rund,804,4.83,3.22,3884.12,1294.71
646,2022-12-04,vis,602,4.36,2.91,2626.42,875.47
647,2022-12-04,bier,1201,3.40,2.27,4088.75,1362.92
648,2022-12-04,chips,500,2.31,1.54,1153.49,384.50
649,2022-12-04,brood,403,0.00,0.00,0.37,0.12
650,2022-12-04,cola,798,0.19,0.13,154.82,51.61
651,2022-12-05,bananen,1998,1.31,0.87,2617.92,872.64
652,2022-12-05,appels,4086,0.97,0.65,3955.78,1318.59
653,2022-12-05,peren,2998,0.89,0.59,2665.52,888.51
654,2022-12-05,kip,1001,4.00,2.66,4000.39,1333.46
655,2022-12-05,rund,801,4.48,2.98,3585.70,1195.23
656,2022-12-05,vis,601,5.18,3.45,3111.05,1037.02
657,2022-12-05,bier,1198,1.54,1.03,1844.68,614.89
658,2022-12-05,chips,501,2.67,1.78,1337.83,445.94
659,2022-12-05,brood,394,0.51,0.34,202.02,67.34
660,2022-12-05,cola,793,1.25,0.83,988.61,329.54
661,2022-12-06,bananen,2002,1.05,0.70,2107.70,702.57
662,2022-12-06,appels,4082,0.97,0.65,3958.80,1319.60
663,2022-12-06,peren,2996,0.61,0.41,1830.86,610.29
664,2022-12-06,kip,997,2.07,1.38,2065.57,688.52
665,2022-12-06,rund,807,5.19,3.46,4185.71,1395.24
666,2022-12-06,vis,604,3.73,2.49,2253.00,751.00
667,2022-12-06,bier,1210,3.70,2.47,4474.18,1491.39
668,2022-12-06,chips,499,0.31,0.21,153.54,51.18
669,2022-12-06,brood,399,1.33,0.89,529.89,176.63
670,2022-12-06,cola,791,1.70,1.13,1340.89,446.96
671,2022-12-07,bananen,1999,1.42,0.95,2841.56,947.19
672,2022-12-07,appels,4005,0.22,0.15,897.77,299.26
673,2022-12-07,peren,3003,0.76,0.50,2269.96,756.65
674,2022-12-07,kip,996,4.33,2.89,4312.92,1437.64
675,2022-12-07,rund,797,4.43,2.96,3532.96,1177.65
676,2022-12-07,vis,595,4.36,2.91,2593.57,864.52
677,2022-12-07,bier,1200,2.77,1.84,3319.93,1106.64
678,2022-12-07,chips,498,2.75,1.83,1368.22,456.07
679,2022-12-07,brood,398,0.10,0.06,38.09,12.70
680,2022-12-07,cola,800,0.69,0.46,550.95,183.65
681,2022-12-08,bananen,2001,0.15,0.10,293.93,97.98
682,2022-12-08,appels,4072,1.49,0.99,6051.11,2017.04
683,2022-12-08,peren,2993,0.46,0.31,1369.85,456.62
684,2022-12-08,kip,1001,2.45,1.63,2454.45,818.15
685,2022-12-08,rund,800,5.16,3.44,4127.28,1375.76
686,2022-12-08,vis,596,4.41,2.94,2625.79,875.26
687,2022-12-08,bier,1199,3.47,2.31,4159.73,1386.58
688,2022-12-08,chips,502,1.84,1.22,921.46,307.15
689,2022-12-08,brood,400,0.22,0.14,86.53,28.84
690,2022-12-08,cola,799,0.06,0.04,45.95,15.32
691,2022-12-09,bananen,1997,0.47,0.31,931.69,310.56
692,2022-12-09,appels,4078,0.01,0.01,31.45,10.48
693,2022-12-09,peren,3001,0.98,0.65,2930.76,976.92
694,2022-12-09,kip,998,1.91,1.27,1905.36,635.12
695,2022-12-09,rund,795,4.49,2.99,3566.85,1188.95
696,2022-12-09,vis,600,3.77,2.52,2263.56,754.52
697,2022-12-09,bier,1190,3.52,2.35,4189.33,1396.44
698,2022-12-09,chips,497,2.12,1.42,1055.66,351.89
699,2022-12-09,brood,400,1.41,0.94,563.22,187.74
700,2022-12-09,cola,801,0.76,0.51,607.67,202.56
701,2022-12-10,bananen,1996,0.43,0.29,867.73,289.24
702,2022-12-10,appels,4054,0.65,0.43,2627.04,875.68
703,2022-12-10,peren,3003,0.44,0.29,1324.72,441.57
704,2022-12-10,kip,999,3.33,2.22,3331.14,1110.38
705,2022-12-10,rund,801,5.87,3.91,4703.68,1567.89
706,2022-12-10,vis,605,5.58,3.72,3377.39,1125.80
707,2022-12-10,bier,1193,2.58,1.72,3077.19,1025.73
708,2022-12-10,chips,503,2.04,1.36,1024.85,341.62
709,2022-12-10,brood,401,0.83,0.55,331.32,110.44
710,2022-12-10,cola,800,1.41,0.94,1130.56,376.85
711,2022-12-11,bananen,1997,1.35,0.90,2688.29,896.10
712,2022-12-11,appels,4022,1.48,0.98,5934.26,1978.09
713,2022-12-11,peren,3001,0.53,0.35,1581.63,527.21
714,2022-12-11,kip,995,1.88,1.25,1872.75,624.25
715,2022-12-11,rund,799,4.96,3.31,3961.84,1320.61
716,2022-12-11,vis,601,5.25,3.50,3153.27,1051.09
717,2022-12-11,bier,1191,1.94,1.30,2316.20,772.07
718,2022-12-11,chips,504,2.31,1.54,1164.87,388.29
719,2022-12-11,brood,409,1.31,0.88,537.27,179.09
720,2022-12-11,cola,804,2.01,1.34,1616.09,538.70
721,2022-12-12,bananen,1998,0.43,0.29,856.43,285.48
722,2022-12-12,appels,4046,1.38,0.92,5573.13,1857.71
723,2022-12-12,peren,2999,0.56,0.37,1668.78,556.26
724,2022-12-12,kip,1002,2.27,1.51,2272.93,757.64
725,2022-12-12,rund,805,3.31,2.21,2666.39,888.80
726,2022-12-12,vis,595,5.66,3.77,3366.54,1122.18
727,2022-12-12,bier,1199,4.30,2.87,5154.47,1718.16
728,2022-12-12,chips,499,2.09,1.39,1042.28,347.43
729,2022-12-12,brood,390,0.78,0.52,303.75,101.25
730,2022-12-12,cola,799,1.06,0.70,843.04,281.01
731,2022-12-13,bananen,1997,0.35,0.23,690.98,230.33
732,2022-12-13,appels,4015,0.31,0.21,1251.96,417.32
733,2022-12-13,peren,2997,0.96,0.64,2867.79,955.93
734,2022-12-13,kip,1000,1.97,1.32,1973.59,657.86
735,2022-12-13,rund,798,4.94,3.29,3942.75,1314.25
736,2022-12-13,vis,596,3.89,2.59,2319.40,773.13
737,2022-12-13,bier,1200,4.26,2.84,5108.71,1702.90
738,2022-12-13,chips,497,2.93,1.95,1453.99,484.66
739,2022-12-13,brood,400,0.78,0.52,312.25,104.08
740,2022-12-14,bananen,1997,1.16,0.78,2323.86,774.62
741,2022-12-14,appels,4055,1.46,0.97,5919.54,1973.18
742,2022-12-14,peren,2996,0.40,0.27,1209.31,403.10
743,2022-12-14,kip,997,1.77,1.18,1765.40,588.47
744,2022-12-14,rund,802,4.20,2.80,3368.89,1122.96
745,2022-12-14,vis,600,4.13,2.75,2475.67,825.22
746,2022-12-14,bier,1201,2.66,1.77,3190.19,1063.40
747,2022-12-14,chips,507,2.56,1.71,1296.92,432.31
748,2022-12-14,brood,401,0.04,0.03,15.20,5.07
749,2022-12-14,cola,801,1.36,0.91,1090.00,363.33
750,2022-12-15,bananen,2008,1.05,0.70,2105.34,701.78
751,2022-12-15,appels,4029,1.19,0.79,4790.47,1596.82
752,2022-12-15,peren,3000,0.34,0.22,1010.03,336.68
753,2022-12-15,kip,998,2.86,1.90,2850.85,950.28
754,2022-12-15,rund,806,3.48,2.32,2801.46,933.82
755,2022-12-15,vis,607,3.16,2.11,1919.96,639.99
756,2022-12-15,bier,1205,2.76,1.84,3322.91,1107.64
757,2022-12-15,chips,502,1.44,0.96,722.71,240.90
758,2022-12-15,brood,400,0.94,0.63,376.45,125.48
759,2022-12-15,cola,798,2.93,1.95,2339.30,779.77
760,2022-12-16,bananen,2000,1.49,0.99,2975.05,991.68
761,2022-12-16,appels,4078,0.76,0.51,3093.85,1031.28
762,2022-12-16,peren,2996,0.37,0.25,1114.77,371.59
763,2022-12-16,kip,1004,4.40,2.93,4417.29,1472.43
764,2022-12-16,rund,798,3.64,2.43,2902.83,967.61
765,2022-12-16,vis,598,3.95,2.64,2364.64,788.21
766,2022-12-16,bier,1200,1.82,1.21,2180.06,726.69
767,2022-12-16,chips,494,2.38,1.59,1176.68,392.23
768,2022-12-16,brood,399,0.86,0.57,342.06,114.02
769,2022-12-16,cola,799,0.16,0.10,125.59,41.86
770,2022-12-17,bananen,1996,1.03,0.68,2050.76,683.59
771,2022-12-17,appels,4058,0.05,0.04,221.55,73.85
772,2022-12-17,peren,3004,0.25,0.17,762.13,254.04
773,2022-12-17,kip,992,2.37,1.58,2349.32,783.11
774,2022-12-17,rund,801,3.08,2.05,2468.48,822.83
775,2022-12-17,vis,604,4.52,3.01,2729.43,909.81
776,2022-12-17,bier,1204,2.90,1.93,3492.65,1164.22
777,2022-12-17,chips,493,2.48,1.66,1224.39,408.13
778,2022-12-17,brood,408,1.19,0.79,485.23,161.74
779,2022-12-17,cola,802,2.41,1.60,1930.27,643.42
780,2022-12-18,bananen,2008,1.37,0.91,2742.80,914.27
781,2022-12-18,appels,4052,0.73,0.48,2947.41,982.47
782,2022-12-18,peren,3005,0.26,0.17,767.47,255.82
783,2022-12-18,kip,1004,3.43,2.29,3448.67,1149.56
784,2022-12-18,rund,798,4.88,3.26,3896.82,1298.94
785,2022-12-18,vis,599,5.38,3.59,3222.55,1074.18
786,2022-12-18,bier,1208,2.50,1.67,3023.70,1007.90
787,2022-12-18,chips,495,0.34,0.23,169.19,56.40
788,2022-12-18,brood,397,0.09,0.06,35.76,11.92
789,2022-12-18,cola,800,1.05,0.70,839.81,279.94
790,2022-12-19,bananen,1998,0.69,0.46,1377.95,459.32
791,2022-12-19,appels,4100,0.88,0.59,3621.66,1207.22
792,2022-12-19,peren,3005,0.41,0.28,1245.59,415.20
793,2022-12-19,kip,1001,2.78,1.85,2779.51,926.50
794,2022-12-19,rund,798,4.87,3.25,3886.39,1295.46
795,2022-12-19,vis,598,5.76,3.84,3443.60,1147.87
796,2022-12-19,bier,1201,1.80,1.20,2166.81,722.27
797,2022-12-19,chips,493,2.61,1.74,1285.72,428.57
798,2022-12-19,brood,395,1.49,0.99,588.46,196.15
799,2022-12-19,cola,796,0.46,0.31,365.46,121.82
800,2022-12-20,bananen,2002,0.07,0.05,147.30,49.10
801,2022-12-20,appels,4012,1.01,0.68,4063.58,1354.53
802,2022-12-20,peren,3005,1.05,0.70,3152.55,1050.85
803,2022-12-20,kip,1002,2.56,1.71,2565.24,855.08
804,2022-12-20,rund,800,4.14,2.76,3313.65,1104.55
805,2022-12-20,vis,596,3.97,2.64,2363.39,787.80
806,2022-12-20,bier,1204,1.74,1.16,2099.44,699.81
807,2022-12-20,chips,494,2.84,1.90,1405.24,468.41
808,2022-12-20,brood,395,0.62,0.41,244.94,81.65
809,2022-12-20,cola,803,2.53,1.69,2031.79,677.26
810,2022-12-21,bananen,2000,1.09,0.73,2179.48,726.49
811,2022-12-21,appels,4083,0.36,0.24,1485.96,495.32
812,2022-12-21,peren,2997,0.21,0.14,617.14,205.71
813,2022-12-21,kip,1005,4.01,2.67,4027.92,1342.64
814,2022-12-21,rund,795,3.21,2.14,2553.28,851.09
815,2022-12-21,vis,598,3.45,2.30,2061.74,687.25
816,2022-12-21,bier,1198,4.31,2.87,5163.56,1721.19
817,2022-12-21,chips,500,1.60,1.07,801.04,267.01
818,2022-12-21,brood,398,0.01,0.00,2.15,0.72
819,2022-12-21,cola,802,2.11,1.41,1693.14,564.38
820,2022-12-22,bananen,1993,1.48,0.98,2940.68,980.23
821,2022-12-22,appels,4042,1.19,0.79,4804.85,1601.62
822,2022-12-22,peren,2998,1.27,0.84,3796.34,1265.45
823,2022-12-22,kip,1000,2.89,1.93,2889.31,963.10
824,2022-12-22,rund,795,5.57,3.72,4431.94,1477.31
825,2022-12-22,vis,607,5.21,3.47,3163.04,1054.35
826,2022-12-22,bier,1205,2.02,1.34,2430.96,810.32
827,2022-12-22,chips,505,0.61,0.41,307.70,102.57
828,2022-12-22,brood,398,1.24,0.83,494.57,164.86
829,2022-12-22,cola,803,2.02,1.35,1621.09,540.36
830,2022-12-23,bananen,2002,1.25,0.83,2500.25,833.42
831,2022-12-23,appels,4041,0.27,0.18,1095.35,365.12
832,2022-12-23,peren,2992,0.09,0.06,281.69,93.90
833,2022-12-23,kip,1001,2.42,1.61,2419.82,806.61
834,2022-12-23,rund,799,3.28,2.19,2623.78,874.59
835,2022-12-23,vis,609,4.98,3.32,3034.45,1011.48
836,2022-12-23,bier,1206,2.33,1.55,2809.27,936.42
837,2022-12-23,chips,502,1.41,0.94,707.77,235.92
838,2022-12-23,brood,399,0.46,0.30,181.98,60.66
839,2022-12-23,cola,804,1.68,1.12,1350.68,450.23
840,2022-12-24,bananen,2005,1.03,0.69,2068.21,689.40
841,2022-12-24,appels,4095,1.49,0.99,6103.59,2034.53
842,2022-12-24,peren,2992,0.80,0.54,2404.28,801.43
843,2022-12-24,kip,995,4.28,2.85,4255.63,1418.54
844,2022-12-24,rund,798,4.06,2.71,3242.41,1080.80
845,2022-12-24,vis,606,5.31,3.54,3220.77,1073.59
846,2022-12-24,bier,1194,1.81,1.21,2158.89,719.63
847,2022-12-24,chips,505,1.77,1.18,891.60,297.20
848,2022-12-24,brood,407,0.45,0.30,184.14,61.38
849,2022-12-24,cola,793,1.34,0.90,1065.05,355.02
850,2022-12-25,bananen,2001,0.93,0.62,1853.53,617.84
851,2022-12-25,appels,3999,1.09,0.72,4348.45,1449.48
852,2022-12-25,peren,3003,1.40,0.93,4205.31,1401.77
853,2022-12-25,kip,997,2.40,1.60,2391.54,797.18
854,2022-12-25,rund,798,3.42,2.28,2728.99,909.66
855,2022-12-25,vis,605,4.03,2.69,2436.98,812.33
856,2022-12-25,bier,1200,3.08,2.05,3691.91,1230.64
857,2022-12-25,chips,499,1.66,1.11,829.30,276.43
858,2022-12-25,brood,395,1.01,0.67,397.69,132.56
859,2022-12-25,cola,796,2.11,1.41,1681.94,560.65
860,2022-12-26,bananen,2002,1.29,0.86,2587.52,862.51
861,2022-12-26,appels,4051,1.38,0.92,5571.07,1857.02
862,2022-12-26,peren,3005,1.34,0.89,4030.04,1343.35
863,2022-12-26,kip,1008,2.27,1.52,2291.59,763.86
864,2022-12-26,rund,796,3.60,2.40,2867.25,955.75
865,2022-12-26,vis,602,4.60,3.07,2771.09,923.70
866,2022-12-26,bier,1200,1.51,1.01,1809.04,603.01
867,2022-12-26,chips,502,1.72,1.14,861.22,287.07
868,2022-12-26,brood,400,1.40,0.93,558.83,186.28
869,2022-12-26,cola,793,0.66,0.44,520.78,173.59
870,2022-12-27,bananen,2007,0.50,0.33,995.65,331.88
871,2022-12-27,appels,4082,1.32,0.88,5380.45,1793.48
872,2022-12-27,peren,3008,0.89,0.60,2687.66,895.89
873,2022-12-27,kip,1004,1.66,1.10,1663.62,554.54
874,2022-12-27,rund,808,4.24,2.83,3423.92,1141.31
875,2022-12-27,vis,600,4.63,3.09,2777.06,925.69
876,2022-12-27,bier,1200,1.78,1.19,2135.07,711.69
877,2022-12-27,chips,501,2.26,1.51,1131.39,377.13
878,2022-12-27,brood,404,0.37,0.25,148.96,49.65
879,2022-12-27,cola,793,1.90,1.27,1506.44,502.15
880,2022-12-28,bananen,2001,0.96,0.64,1930.10,643.37
881,2022-12-28,appels,4083,0.65,0.43,2652.51,884.17
882,2022-12-28,peren,2998,1.38,0.92,4135.81,1378.60
883,2022-12-28,kip,1007,4.42,2.95,4454.75,1484.92
884,2022-12-28,rund,801,5.40,3.60,4327.15,1442.38
885,2022-12-28,vis,599,5.89,3.93,3530.06,1176.69
886,2022-12-28,bier,1204,4.31,2.87,5189.91,1729.97
887,2022-12-28,chips,500,1.40,0.94,702.04,234.01
888,2022-12-28,brood,395,0.83,0.56,329.08,109.69
889,2022-12-28,cola,797,2.84,1.90,2266.32,755.44
890,2022-12-29,bananen,2000,0.63,0.42,1258.67,419.56
891,2022-12-29,appels,4089,1.00,0.67,4089.09,1363.03
892,2022-12-29,peren,2997,0.59,0.39,1766.69,588.90
893,2022-12-29,kip,993,2.65,1.77,2632.80,877.60
894,2022-12-29,rund,808,4.01,2.67,3240.77,1080.26
895,2022-12-29,vis,594,4.31,2.88,2562.40,854.13
896,2022-12-29,bier,1200,3.23,2.15,3872.58,1290.86
897,2022-12-29,chips,493,1.77,1.18,873.70,291.23
898,2022-12-29,brood,397,1.42,0.94,562.07,187.36
899,2022-12-29,cola,802,2.42,1.62,1943.32,647.77
900,2022-12-30,bananen,1992,1.15,0.77,2290.42,763.47
901,2022-12-30,appels,4090,0.64,0.43,2629.11,876.37
902,2022-12-30,peren,2999,0.93,0.62,2790.44,930.15
903,2022-12-30,kip,999,3.10,2.07,3095.27,1031.76
904,2022-12-30,rund,801,4.76,3.18,3815.42,1271.81
905,2022-12-30,vis,600,4.04,2.69,2425.06,808.35
906,2022-12-30,bier,1193,2.74,1.83,3269.59,1089.86
907,2022-12-30,chips,501,0.21,0.14,103.09,34.36
908,2022-12-30,brood,398,1.29,0.86,512.60,170.87
909,2022-12-30,cola,804,0.42,0.28,340.24,113.41
910,2022-12-31,bananen,1999,1.27,0.84,2531.14,843.71
911,2022-12-31,appels,4035,1.13,0.75,4542.27,1514.09
912,2022-12-31,peren,2996,1.27,0.85,3816.55,1272.18
913,2022-12-31,kip,993,3.23,2.15,3209.72,1069.91
914,2022-12-31,rund,805,4.92,3.28,3957.47,1319.16
915,2022-12-31,vis,599,5.52,3.68,3304.11,1101.37
916,2022-12-31,bier,1194,1.85,1.23,2206.68,735.56
917,2022-12-31,chips,493,2.87,1.91,1413.83,471.28
918,2022-12-31,brood,395,1.01,0.67,399.38,133.13
919,2022-12-31,cola,802,1.73,1.15,1386.72,462.24
920,2023-01-01,bananen,1997,0.86,0.57,1720.70,573.57
921,2023-01-01,appels,4065,0.82,0.55,3335.15,1111.72
922,2023-01-01,peren,3001,1.04,0.69,3128.28,1042.76
923,2023-01-01,kip,1000,4.27,2.84,4266.71,1422.24
924,2023-01-01,rund,798,5.56,3.71,4439.59,1479.86
925,2023-01-01,vis,602,3.20,2.13,1925.47,641.82
926,2023-01-01,bier,1203,2.95,1.97,3551.99,1184.00
927,2023-01-01,chips,494,1.29,0.86,637.24,212.41
928,2023-01-01,brood,401,1.11,0.74,443.63,147.88
929,2023-01-01,cola,804,0.75,0.50,600.15,200.05
930,2023-01-02,bananen,1996,0.22,0.15,438.80,146.27
931,2023-01-02,appels,3998,0.94,0.62,3738.35,1246.12
932,2023-01-02,peren,3009,0.35,0.23,1039.48,346.49
933,2023-01-02,kip,998,3.87,2.58,3862.49,1287.50
934,2023-01-02,rund,798,3.50,2.33,2794.10,931.37
935,2023-01-02,vis,601,5.53,3.69,3325.44,1108.48
936,2023-01-02,bier,1207,3.19,2.12,3844.37,1281.46
937,2023-01-02,chips,500,2.66,1.77,1327.94,442.65
938,2023-01-02,brood,394,1.01,0.67,396.56,132.19
939,2023-01-02,cola,810,1.42,0.95,1151.37,383.79
940,2023-01-03,bananen,2000,0.12,0.08,234.31,78.10
941,2023-01-03,appels,4070,0.03,0.02,128.82,42.94
942,2023-01-03,peren,2993,0.87,0.58,2617.16,872.39
943,2023-01-03,kip,999,3.02,2.01,3014.45,1004.82
944,2023-01-03,rund,792,4.55,3.03,3602.32,1200.77
945,2023-01-03,vis,600,5.75,3.83,3447.77,1149.26
946,2023-01-03,bier,1199,3.08,2.05,3691.14,1230.38
947,2023-01-03,chips,507,0.76,0.51,386.98,128.99
948,2023-01-03,brood,402,0.98,0.65,394.78,131.59
949,2023-01-03,cola,809,1.61,1.07,1299.64,433.21
950,2023-01-04,bananen,2002,0.54,0.36,1075.25,358.42
951,2023-01-04,appels,4035,0.69,0.46,2775.89,925.30
952,2023-01-04,peren,2998,0.92,0.61,2756.70,918.90
953,2023-01-04,kip,1002,3.15,2.10,3157.05,1052.35
954,2023-01-04,rund,800,4.06,2.71,3251.59,1083.86
955,2023-01-04,vis,602,3.73,2.49,2244.10,748.03
956,2023-01-04,bier,1197,3.92,2.61,4691.36,1563.79
957,2023-01-04,chips,501,0.78,0.52,392.34,130.78
958,2023-01-04,brood,399,1.14,0.76,456.60,152.20
959,2023-01-04,cola,796,2.96,1.97,2352.91,784.30
960,2023-01-05,bananen,2002,0.82,0.55,1640.10,546.70
961,2023-01-05,appels,3998,1.16,0.78,4655.57,1551.86
962,2023-01-05,peren,2996,0.21,0.14,619.37,206.46
963,2023-01-05,kip,999,2.43,1.62,2422.70,807.57
964,2023-01-05,rund,792,5.14,3.42,4066.93,1355.64
965,2023-01-05,vis,608,4.31,2.87,2621.39,873.80
966,2023-01-05,bier,1196,3.81,2.54,4554.43,1518.14
967,2023-01-05,chips,503,2.23,1.49,1122.00,374.00
968,2023-01-05,brood,399,1.08,0.72,429.66,143.22
969,2023-01-05,cola,794,1.71,1.14,1357.53,452.51
970,2023-01-06,bananen,1996,0.18,0.12,349.72,116.57
971,2023-01-06,appels,4024,0.52,0.35,2086.00,695.33
972,2023-01-06,peren,2994,0.11,0.08,338.24,112.75
973,2023-01-06,kip,1003,3.32,2.22,3333.25,1111.08
974,2023-01-06,rund,807,4.15,2.76,3346.87,1115.62
975,2023-01-06,vis,601,5.61,3.74,3373.89,1124.63
976,2023-01-06,bier,1207,1.67,1.11,2011.80,670.60
977,2023-01-06,chips,492,0.83,0.55,406.97,135.66
978,2023-01-06,brood,400,0.52,0.35,209.57,69.86
979,2023-01-06,cola,807,1.05,0.70,848.87,282.96
980,2023-01-07,bananen,2002,0.65,0.43,1303.93,434.64
981,2023-01-07,appels,4027,0.24,0.16,949.38,316.46
982,2023-01-07,peren,2999,0.63,0.42,1876.48,625.49
983,2023-01-07,kip,995,3.03,2.02,3018.91,1006.30
984,2023-01-07,rund,796,4.26,2.84,3388.18,1129.39
985,2023-01-07,vis,605,4.48,2.98,2708.65,902.88
986,2023-01-07,bier,1210,3.99,2.66,4832.19,1610.73
987,2023-01-07,chips,495,2.85,1.90,1410.48,470.16
988,2023-01-07,brood,396,0.85,0.57,337.31,112.44
989,2023-01-07,cola,793,0.41,0.27,326.74,108.91
990,2023-01-08,bananen,2006,0.79,0.53,1587.21,529.07
991,2023-01-08,appels,3991,1.39,0.92,5531.31,1843.77
992,2023-01-08,peren,3009,1.09,0.73,3284.84,1094.95
993,2023-01-08,kip,991,2.14,1.43,2124.29,708.10
994,2023-01-08,rund,803,4.54,3.03,3644.75,1214.92
995,2023-01-08,vis,596,5.70,3.80,3395.50,1131.83
996,2023-01-08,bier,1208,2.15,1.43,2593.24,864.41
997,2023-01-08,chips,502,1.02,0.68,512.29,170.76
998,2023-01-08,brood,402,0.82,0.55,330.99,110.33
999,2023-01-08,cola,799,2.12,1.41,1690.95,563.65
1000,2023-01-09,bananen,2001,1.30,0.87,2603.75,867.92
1001,2023-01-09,appels,4093,0.17,0.12,712.56,237.52
1002,2023-01-09,peren,3004,0.67,0.45,2013.36,671.12
1003,2023-01-09,kip,1006,3.12,2.08,3136.02,1045.34
1004,2023-01-09,rund,793,5.74,3.82,4549.78,1516.59
1005,2023-01-09,vis,595,3.09,2.06,1838.52,612.84
1006,2023-01-09,bier,1208,4.07,2.71,4913.61,1637.87
1007,2023-01-09,chips,507,2.43,1.62,1230.63,410.21
1008,2023-01-09,brood,402,0.81,0.54,324.96,108.32
1009,2023-01-09,cola,803,0.83,0.55,663.77,221.26
1010,2023-01-10,bananen,1999,0.17,0.11,334.68,111.56
1011,2023-01-10,appels,4100,0.46,0.30,1869.57,623.19
1012,2023-01-10,peren,2997,1.18,0.79,3547.81,1182.60
1013,2023-01-10,kip,998,3.37,2.25,3367.01,1122.34
1014,2023-01-10,rund,806,3.97,2.64,3196.67,1065.56
1015,2023-01-10,vis,601,4.78,3.19,2872.18,957.39
1016,2023-01-10,bier,1200,2.10,1.40,2518.57,839.52
1017,2023-01-10,chips,506,1.02,0.68,517.74,172.58
1018,2023-01-10,brood,396,1.30,0.87,516.57,172.19
1019,2023-01-10,cola,800,1.95,1.30,1556.65,518.88
1020,2023-01-11,bananen,2004,1.22,0.81,2439.21,813.07
1021,2023-01-11,appels,4046,0.51,0.34,2078.83,692.94
1022,2023-01-11,peren,2993,1.06,0.71,3185.42,1061.81
1023,2023-01-11,kip,1007,4.06,2.71,4091.33,1363.78
1024,2023-01-11,rund,796,4.08,2.72,3250.33,1083.44
1025,2023-01-11,vis,602,5.61,3.74,3379.21,1126.40
1026,2023-01-11,bier,1199,4.12,2.75,4938.83,1646.28
1027,2023-01-11,chips,495,0.18,0.12,88.92,29.64
1028,2023-01-11,brood,393,1.20,0.80,471.88,157.29
1029,2023-01-11,cola,795,2.52,1.68,2002.14,667.38
1030,2023-01-12,bananen,2001,0.49,0.33,980.42,326.81
1031,2023-01-12,appels,4091,0.67,0.45,2754.98,918.33
1032,2023-01-12,peren,3000,0.28,0.19,843.15,281.05
1033,2023-01-12,kip,1000,2.96,1.97,2958.48,986.16
1034,2023-01-12,rund,802,4.97,3.32,3988.38,1329.46
1035,2023-01-12,vis,606,3.36,2.24,2036.67,678.89
1036,2023-01-12,bier,1208,3.10,2.07,3745.18,1248.39
1037,2023-01-12,chips,503,1.12,0.74,561.88,187.29
1038,2023-01-12,brood,402,1.21,0.81,487.25,162.42
1039,2023-01-12,cola,797,1.01,0.67,801.20,267.07
1040,2023-01-13,bananen,2003,0.08,0.05,161.47,53.82
1041,2023-01-13,appels,4078,0.28,0.19,1138.70,379.57
1042,2023-01-13,peren,2994,1.09,0.73,3267.86,1089.29
1043,2023-01-13,kip,994,3.49,2.33,3466.87,1155.62
1044,2023-01-13,rund,799,4.99,3.33,3986.90,1328.97
1045,2023-01-13,vis,594,5.16,3.44,3062.74,1020.91
1046,2023-01-13,bier,1197,1.83,1.22,2195.31,731.77
1047,2023-01-13,chips,494,0.82,0.54,403.19,134.40
1048,2023-01-13,brood,403,1.03,0.69,414.64,138.21
1049,2023-01-13,cola,805,1.83,1.22,1472.02,490.67
1050,2023-01-14,bananen,1999,1.08,0.72,2162.94,720.98
1051,2023-01-14,appels,4058,0.02,0.01,87.20,29.07
1052,2023-01-14,peren,3001,0.93,0.62,2787.37,929.12
1053,2023-01-14,kip,1000,2.52,1.68,2517.25,839.08
1054,2023-01-14,rund,798,3.28,2.18,2614.96,871.65
1055,2023-01-14,vis,606,5.73,3.82,3475.35,1158.45
1056,2023-01-14,bier,1210,2.24,1.50,2715.83,905.28
1057,2023-01-14,chips,508,2.31,1.54,1174.24,391.41
1058,2023-01-14,brood,405,0.24,0.16,99.04,33.01
1059,2023-01-14,cola,793,1.71,1.14,1352.19,450.73
1060,2023-01-15,bananen,2004,0.96,0.64,1923.32,641.11
1061,2023-01-15,appels,4089,1.02,0.68,4169.25,1389.75
1062,2023-01-15,peren,3000,0.51,0.34,1517.62,505.87
1063,2023-01-15,kip,1007,1.79,1.19,1799.84,599.95
1064,2023-01-15,rund,804,4.59,3.06,3694.32,1231.44
1065,2023-01-15,vis,608,5.86,3.91,3565.14,1188.38
1066,2023-01-15,bier,1201,1.71,1.14,2049.97,683.32
1067,2023-01-15,chips,499,1.15,0.77,573.80,191.27
1068,2023-01-15,brood,406,0.88,0.59,356.87,118.96
1069,2023-01-15,cola,805,1.60,1.07,1288.88,429.63
1070,2023-01-16,bananen,2010,0.79,0.53,1585.25,528.42
1071,2023-01-16,appels,4080,1.45,0.97,5907.68,1969.23
1072,2023-01-16,peren,2994,0.02,0.01,48.17,16.06
1073,2023-01-16,kip,998,3.07,2.05,3063.59,1021.20
1074,2023-01-16,rund,807,4.07,2.72,3287.67,1095.89
1075,2023-01-16,vis,596,4.75,3.17,2833.06,944.35
1076,2023-01-16,bier,1196,4.26,2.84,5090.21,1696.74
1077,2023-01-16,chips,501,2.08,1.39,1044.45,348.15
1078,2023-01-16,brood,408,0.31,0.20,125.45,41.82
1079,2023-01-16,cola,810,0.48,0.32,391.40,130.47
1080,2023-01-17,bananen,1999,0.56,0.38,1125.69,375.23
1081,2023-01-17,appels,4005,0.80,0.53,3196.33,1065.44
1082,2023-01-17,peren,2998,0.35,0.23,1052.77,350.92
1083,2023-01-17,kip,1001,2.10,1.40,2106.11,702.04
1084,2023-01-17,rund,795,5.80,3.87,4613.20,1537.73
1085,2023-01-17,vis,602,3.08,2.05,1853.73,617.91
1086,2023-01-17,bier,1202,2.90,1.93,3483.27,1161.09
1087,2023-01-17,chips,497,1.33,0.89,662.83,220.94
1088,2023-01-17,brood,398,0.20,0.13,78.78,26.26
1089,2023-01-17,cola,792,0.97,0.65,769.71,256.57
1090,2023-01-18,bananen,1997,0.33,0.22,660.52,220.17
1091,2023-01-18,appels,4094,0.87,0.58,3576.86,1192.29
1092,2023-01-18,peren,3003,0.83,0.55,2492.15,830.72
1093,2023-01-18,kip,998,4.36,2.91,4350.57,1450.19
1094,2023-01-18,rund,795,3.08,2.06,2451.63,817.21
1095,2023-01-18,vis,609,4.56,3.04,2777.23,925.74
1096,2023-01-18,bier,1197,2.99,2.00,3582.07,1194.02
1097,2023-01-18,chips,505,2.31,1.54,1164.28,388.09
1098,2023-01-18,brood,403,1.06,0.70,425.78,141.93
1099,2023-01-18,cola,800,0.01,0.01,11.68,3.89
1100,2023-01-19,bananen,1994,1.18,0.78,2343.76,781.25
1101,2023-01-19,appels,4101,0.38,0.25,1563.87,521.29
1102,2023-01-19,peren,2999,0.80,0.53,2386.80,795.60
1103,2023-01-19,kip,996,2.31,1.54,2300.95,766.98
1104,2023-01-19,rund,794,3.07,2.05,2441.45,813.82
1105,2023-01-19,vis,601,4.47,2.98,2686.45,895.48
1106,2023-01-19,bier,1206,2.06,1.37,2480.13,826.71
1107,2023-01-19,chips,500,0.65,0.43,325.57,108.52
1108,2023-01-19,brood,395,0.15,0.10,59.88,19.96
1109,2023-01-19,cola,800,1.82,1.22,1458.52,486.17
1110,2023-01-20,bananen,2008,0.46,0.30,916.67,305.56
1111,2023-01-20,appels,4022,0.19,0.12,747.94,249.31
1112,2023-01-20,peren,2997,0.81,0.54,2431.10,810.37
1113,2023-01-20,kip,998,4.39,2.93,4379.11,1459.70
1114,2023-01-20,rund,796,3.48,2.32,2773.76,924.59
1115,2023-01-20,vis,600,3.62,2.42,2174.87,724.96
1116,2023-01-20,bier,1191,3.59,2.39,4276.57,1425.52
1117,2023-01-20,chips,497,2.29,1.53,1137.17,379.06
1118,2023-01-20,brood,399,1.17,0.78,465.69,155.23
1119,2023-01-20,cola,806,2.14,1.43,1727.31,575.77
1120,2023-01-21,bananen,1994,0.16,0.10,313.69,104.56
1121,2023-01-21,appels,4046,1.39,0.93,5641.10,1880.37
1122,2023-01-21,peren,2999,1.28,0.85,3828.02,1276.01
1123,2023-01-21,kip,1001,1.72,1.15,1719.82,573.27
1124,2023-01-21,rund,803,4.94,3.29,3965.70,1321.90
1125,2023-01-21,vis,606,3.63,2.42,2202.14,734.05
1126,2023-01-21,bier,1207,1.93,1.29,2334.67,778.22
1127,2023-01-21,chips,499,2.26,1.51,1128.82,376.27
1128,2023-01-21,brood,397,0.95,0.63,375.21,125.07
1129,2023-01-21,cola,805,1.96,1.31,1577.98,525.99
1130,2023-01-22,bananen,1994,0.15,0.10,292.29,97.43
1131,2023-01-22,appels,4002,1.23,0.82,4931.37,1643.79
1132,2023-01-22,peren,2995,0.74,0.49,2221.53,740.51
1133,2023-01-22,kip,1003,4.40,2.93,4414.36,1471.45
1134,2023-01-22,rund,806,4.34,2.89,3497.93,1165.98
1135,2023-01-22,vis,593,5.93,3.95,3514.74,1171.58
1136,2023-01-22,bier,1195,3.67,2.45,4383.07,1461.02
1137,2023-01-22,chips,496,2.71,1.81,1344.41,448.14
1138,2023-01-22,brood,402,0.22,0.15,90.14,30.05
1139,2023-01-22,cola,800,1.01,0.68,811.79,270.60
1140,2023-01-23,bananen,1997,1.44,0.96,2870.75,956.92
1141,2023-01-23,appels,4101,0.90,0.60,3682.51,1227.50
1142,2023-01-23,peren,2995,0.82,0.55,2466.86,822.29
1143,2023-01-23,kip,993,3.39,2.26,3371.12,1123.71
1144,2023-01-23,rund,806,3.54,2.36,2857.24,952.41
1145,2023-01-23,vis,597,4.95,3.30,2957.42,985.81
1146,2023-01-23,bier,1201,4.06,2.71,4877.06,1625.69
1147,2023-01-23,chips,503,0.36,0.24,182.67,60.89
1148,2023-01-23,brood,400,0.49,0.33,197.32,65.77
1149,2023-01-23,cola,808,0.40,0.26,320.65,106.88
1150,2023-01-24,bananen,2002,0.48,0.32,962.24,320.75
1151,2023-01-24,appels,4099,0.26,0.18,1085.24,361.75
1152,2023-01-24,peren,3004,0.29,0.19,864.66,288.22
1153,2023-01-24,kip,1001,2.68,1.79,2686.66,895.55
1154,2023-01-24,rund,802,4.22,2.81,3383.67,1127.89
1155,2023-01-24,vis,606,3.63,2.42,2199.89,733.30
1156,2023-01-24,bier,1197,2.67,1.78,3197.46,1065.82
1157,2023-01-24,chips,496,0.81,0.54,399.43,133.14
1158,2023-01-24,brood,392,1.15,0.77,450.13,150.04
1159,2023-01-24,cola,805,1.61,1.08,1298.89,432.96
1160,2023-01-25,bananen,1994,0.09,0.06,176.69,58.90
1161,2023-01-25,appels,4014,1.47,0.98,5898.12,1966.04
1162,2023-01-25,peren,2998,0.33,0.22,974.92,324.97
1163,2023-01-25,kip,991,1.70,1.13,1683.20,561.07
1164,2023-01-25,rund,795,5.89,3.93,4680.88,1560.29
1165,2023-01-25,vis,599,5.50,3.67,3296.39,1098.80
1166,2023-01-25,bier,1201,2.77,1.85,3331.11,1110.37
1167,2023-01-25,chips,499,1.85,1.23,922.09,307.36
1168,2023-01-25,brood,400,1.39,0.93,557.30,185.77
1169,2023-01-25,cola,798,2.33,1.55,1856.49,618.83
1170,2023-01-26,bananen,2004,1.04,0.69,2084.21,694.74
1171,2023-01-26,appels,4023,1.31,0.87,5268.64,1756.21
1172,2023-01-26,peren,2999,0.70,0.47,2107.33,702.44
1173,2023-01-26,kip,1000,2.34,1.56,2343.32,781.11
1174,2023-01-26,rund,806,3.93,2.62,3164.20,1054.73
1175,2023-01-26,vis,603,4.59,3.06,2769.33,923.11
1176,2023-01-26,bier,1200,3.62,2.41,4338.02,1446.01
1177,2023-01-26,chips,503,2.09,1.40,1053.32,351.11
1178,2023-01-26,brood,398,1.08,0.72,430.47,143.49
1179,2023-01-26,cola,805,2.29,1.52,1841.28,613.76
1180,2023-01-27,bananen,2007,0.84,0.56,1686.25,562.08
1181,2023-01-27,appels,4028,0.46,0.31,1849.32,616.44
1182,2023-01-27,peren,2995,0.51,0.34,1512.96,504.32
1183,2023-01-28,bananen,2000,1.05,0.70,2091.43,697.14
1184,2023-01-28,appels,4008,0.79,0.53,3185.75,1061.92
1185,2023-01-28,peren,2999,1.45,0.97,4341.47,1447.16
1186,2023-01-28,kip,994,4.00,2.66,3973.29,1324.43
1187,2023-01-28,rund,805,5.60,3.74,4511.96,1503.99
1188,2023-01-28,vis,599,5.77,3.85,3456.30,1152.10
1189,2023-01-28,bier,1196,2.23,1.48,2664.07,888.02
1190,2023-01-28,chips,506,1.38,0.92,696.83,232.28
1191,2023-01-28,brood,406,0.29,0.19,118.67,39.56
1192,2023-01-28,cola,799,0.48,0.32,383.78,127.93
1193,2023-01-29,bananen,2002,1.01,0.67,2016.08,672.03
1194,2023-01-29,appels,4007,0.61,0.41,2456.52,818.84
1195,2023-01-29,peren,3006,1.26,0.84,3801.37,1267.12
1196,2023-01-29,kip,998,2.59,1.72,2582.25,860.75
1197,2023-01-29,rund,802,5.00,3.34,4013.98,1337.99
1198,2023-01-29,vis,604,4.36,2.90,2631.51,877.17
1199,2023-01-29,bier,1204,4.22,2.81,5082.34,1694.11
1200,2023-01-29,chips,507,0.26,0.18,133.55,44.52
1201,2023-01-29,brood,403,1.19,0.79,478.28,159.43
1202,2023-01-29,cola,804,0.40,0.27,320.88,106.96
1203,2023-01-30,bananen,2006,0.99,0.66,1992.27,664.09
1204,2023-01-30,appels,4072,0.13,0.09,524.51,174.84
1205,2023-01-30,peren,2997,0.04,0.03,125.39,41.80
1206,2023-01-30,kip,1006,3.71,2.47,3729.34,1243.11
1207,2023-01-30,rund,809,3.80,2.53,3074.07,1024.69
1208,2023-01-30,vis,603,3.49,2.33,2105.45,701.82
1209,2023-01-30,bier,1198,1.84,1.23,2206.88,735.63
1210,2023-01-30,chips,501,2.69,1.79,1347.87,449.29
1211,2023-01-30,brood,402,0.95,0.64,383.89,127.96
1212,2023-01-30,cola,806,1.24,0.82,996.63,332.21
1213,2023-01-31,bananen,1990,1.22,0.81,2421.62,807.21
1214,2023-01-31,appels,4053,0.16,0.10,634.89,211.63
1215,2023-01-31,peren,3006,1.24,0.83,3723.85,1241.28
1216,2023-01-31,kip,1004,2.30,1.53,2308.61,769.54
1217,2023-01-31,rund,805,3.41,2.27,2746.52,915.51
1218,2023-01-31,vis,599,4.62,3.08,2767.73,922.58
1219,2023-01-31,bier,1198,4.06,2.71,4867.01,1622.34
1220,2023-01-31,chips,502,2.05,1.37,1030.60,343.53
1221,2023-01-31,brood,403,0.97,0.65,392.29,130.76
1222,2023-01-31,cola,804,2.49,1.66,2002.18,667.39
1223,2023-02-01,bananen,2005,0.94,0.63,1888.69,629.56
1224,2023-02-01,appels,4016,1.18,0.79,4741.29,1580.43
1225,2023-02-01,peren,2994,0.77,0.51,2307.77,769.26
1226,2023-02-01,kip,1004,4.22,2.82,4240.54,1413.51
1227,2023-02-01,rund,805,5.73,3.82,4611.13,1537.04
1228,2023-02-01,vis,599,4.71,3.14,2820.38,940.13
1229,2023-02-01,bier,1199,2.00,1.34,2401.27,800.42
1230,2023-02-01,chips,503,0.60,0.40,303.63,101.21
1231,2023-02-01,brood,397,1.07,0.71,425.30,141.77
1232,2023-02-01,cola,802,1.66,1.11,1334.37,444.79
1233,2023-02-02,bananen,2003,0.95,0.63,1893.18,631.06
1234,2023-02-02,appels,4019,0.05,0.03,204.90,68.30
1235,2023-02-02,peren,3001,1.36,0.91,4090.69,1363.56
1236,2023-02-02,kip,998,3.69,2.46,3679.17,1226.39
1237,2023-02-02,rund,796,4.71,3.14,3748.14,1249.38
1238,2023-02-02,vis,594,4.85,3.23,2881.43,960.48
1239,2023-02-02,bier,1199,1.62,1.08,1942.74,647.58
1240,2023-02-02,chips,500,2.71,1.81,1354.11,451.37
1241,2023-02-02,brood,400,0.39,0.26,156.04,52.01
1242,2023-02-02,cola,801,1.29,0.86,1035.40,345.13
1243,2023-02-03,bananen,2007,0.37,0.25,751.64,250.55
1244,2023-02-03,appels,4079,0.92,0.61,3756.45,1252.15
1245,2023-02-03,peren,3000,0.15,0.10,457.69,152.56
1246,2023-02-03,kip,995,1.89,1.26,1879.67,626.56
1247,2023-02-03,rund,805,5.74,3.82,4618.14,1539.38
1248,2023-02-03,vis,601,4.58,3.05,2751.18,917.06
1249,2023-02-03,bier,1198,4.27,2.85,5120.81,1706.94
1250,2023-02-03,chips,495,0.07,0.04,32.42,10.81
1251,2023-02-03,brood,399,0.57,0.38,229.39,76.46
1252,2023-02-03,cola,798,0.84,0.56,669.60,223.20
1253,2023-02-04,bananen,2005,1.22,0.81,2444.53,814.84
1254,2023-02-04,appels,4032,0.26,0.18,1064.75,354.92
1255,2023-02-04,peren,2999,0.58,0.39,1740.46,580.15
1256,2023-02-04,kip,1004,1.83,1.22,1835.24,611.75
1257,2023-02-04,rund,796,3.40,2.27,2708.89,902.96
1258,2023-02-04,vis,600,4.02,2.68,2411.05,803.68
1259,2023-02-04,bier,1199,3.60,2.40,4318.34,1439.45
1260,2023-02-04,chips,496,0.72,0.48,357.27,119.09
1261,2023-02-04,brood,406,0.04,0.03,17.90,5.97
1262,2023-02-04,cola,793,2.28,1.52,1806.96,602.32
1263,2023-02-05,bananen,2001,0.54,0.36,1087.78,362.59
1264,2023-02-05,appels,4092,0.38,0.25,1551.26,517.09
1265,2023-02-05,peren,3003,0.52,0.34,1550.76,516.92
1266,2023-02-05,kip,1006,1.66,1.10,1667.03,555.68
1267,2023-02-05,rund,794,4.02,2.68,3188.27,1062.76
1268,2023-02-05,vis,604,4.08,2.72,2464.15,821.38
1269,2023-02-05,bier,1208,4.02,2.68,4855.95,1618.65
1270,2023-02-05,chips,504,2.95,1.97,1489.11,496.37
1271,2023-02-05,brood,396,1.24,0.83,490.80,163.60
1272,2023-02-05,cola,800,1.92,1.28,1532.21,510.74
1273,2023-02-06,bananen,2007,1.22,0.81,2440.60,813.53
1274,2023-02-06,appels,4003,0.62,0.41,2478.90,826.30
1275,2023-02-06,peren,2994,0.12,0.08,354.21,118.07
1276,2023-02-06,kip,999,3.55,2.37,3546.27,1182.09
1277,2023-02-06,rund,800,4.89,3.26,3915.22,1305.07
1278,2023-02-06,vis,595,5.22,3.48,3108.68,1036.23
1279,2023-02-06,bier,1198,2.73,1.82,3272.21,1090.74
1280,2023-02-06,chips,498,2.55,1.70,1268.81,422.94
1281,2023-02-06,brood,400,0.09,0.06,34.89,11.63
1282,2023-02-06,cola,793,0.86,0.58,685.39,228.46
1283,2023-02-07,bananen,2004,0.79,0.52,1576.62,525.54
1284,2023-02-07,appels,4014,1.39,0.93,5580.39,1860.13
1285,2023-02-07,peren,3008,0.24,0.16,715.82,238.61
1286,2023-02-07,kip,998,4.45,2.97,4439.61,1479.87
1287,2023-02-07,rund,807,4.47,2.98,3604.05,1201.35
1288,2023-02-07,vis,604,5.18,3.45,3129.64,1043.21
1289,2023-02-07,bier,1199,3.08,2.05,3687.62,1229.21
1290,2023-02-07,chips,495,1.26,0.84,625.54,208.51
1291,2023-02-07,brood,397,0.86,0.57,341.23,113.74
1292,2023-02-07,cola,798,2.82,1.88,2250.94,750.31
1293,2023-02-08,bananen,2006,0.38,0.25,753.26,251.09
1294,2023-02-08,appels,4042,0.18,0.12,727.03,242.34
1295,2023-02-08,peren,3001,1.10,0.73,3288.52,1096.17
1296,2023-02-08,kip,992,1.82,1.21,1806.10,602.03
1297,2023-02-08,rund,805,4.91,3.27,3953.20,1317.73
1298,2023-02-08,vis,600,3.85,2.57,2309.86,769.95
1299,2023-02-08,bier,1202,3.18,2.12,3819.68,1273.23
1300,2023-02-08,chips,507,2.74,1.83,1388.29,462.76
1301,2023-02-08,brood,394,0.55,0.37,217.43,72.48
1302,2023-02-08,cola,798,2.00,1.34,1599.76,533.25
1303,2023-02-09,bananen,1995,0.02,0.02,46.41,15.47
1304,2023-02-09,appels,4066,0.22,0.15,899.91,299.97
1305,2023-02-09,peren,2999,0.95,0.64,2862.87,954.29
1306,2023-02-09,kip,996,2.18,1.45,2170.57,723.52
1307,2023-02-09,rund,797,3.17,2.11,2526.82,842.27
1308,2023-02-09,vis,598,5.89,3.92,3520.72,1173.57
1309,2023-02-09,bier,1201,2.30,1.53,2760.24,920.08
1310,2023-02-09,chips,502,1.68,1.12,844.55,281.52
1311,2023-02-09,brood,403,0.34,0.23,137.14,45.71
1312,2023-02-09,cola,794,2.56,1.71,2031.36,677.12
1313,2023-02-10,bananen,2007,0.95,0.63,1906.76,635.59
1314,2023-02-10,appels,4088,0.56,0.37,2277.31,759.10
1315,2023-02-10,peren,2994,0.27,0.18,820.86,273.62
1316,2023-02-10,kip,1002,2.67,1.78,2678.87,892.96
1317,2023-02-10,rund,797,5.65,3.77,4505.24,1501.75
1318,2023-02-10,vis,610,4.10,2.73,2501.71,833.90
1319,2023-02-10,bier,1196,2.78,1.85,3325.62,1108.54
1320,2023-02-10,chips,500,0.36,0.24,177.67,59.22
1321,2023-02-10,brood,397,0.97,0.64,383.42,127.81
1322,2023-02-10,cola,810,1.18,0.79,957.07,319.02
1323,2023-02-11,bananen,2003,0.64,0.42,1275.26,425.09
1324,2023-02-11,appels,4101,1.36,0.90,5564.03,1854.68
1325,2023-02-11,peren,2992,1.31,0.87,3924.66,1308.22
1326,2023-02-11,kip,1008,2.82,1.88,2839.90,946.63
1327,2023-02-11,rund,806,4.95,3.30,3986.03,1328.68
1328,2023-02-11,vis,602,4.15,2.76,2495.95,831.98
1329,2023-02-11,bier,1200,3.82,2.55,4582.34,1527.45
1330,2023-02-11,chips,495,2.07,1.38,1024.95,341.65
1331,2023-02-11,brood,403,0.52,0.35,209.07,69.69
1332,2023-02-11,cola,806,2.96,1.97,2382.16,794.05
1333,2023-02-12,bananen,2003,0.08,0.05,152.36,50.79
1334,2023-02-12,appels,3990,0.96,0.64,3820.91,1273.64
1335,2023-02-12,peren,3007,1.40,0.94,4222.47,1407.49
1336,2023-02-12,kip,1007,3.29,2.19,3310.23,1103.41
1337,2023-02-12,rund,802,3.06,2.04,2452.41,817.47
1338,2023-02-12,vis,600,3.98,2.65,2389.04,796.35
1339,2023-02-12,bier,1197,2.48,1.65,2967.76,989.25
1340,2023-02-12,chips,495,0.58,0.39,287.71,95.90
1341,2023-02-12,brood,404,0.47,0.31,189.69,63.23
1342,2023-02-12,cola,796,2.07,1.38,1645.53,548.51
1343,2023-02-13,bananen,1999,0.86,0.57,1722.14,574.05
1344,2023-02-13,appels,4082,0.11,0.07,444.89,148.30
1345,2023-02-13,peren,2998,0.48,0.32,1441.82,480.61
1346,2023-02-13,kip,995,2.08,1.39,2071.92,690.64
1347,2023-02-13,rund,802,4.49,2.99,3601.00,1200.33
1348,2023-02-13,vis,599,3.62,2.41,2167.86,722.62
1349,2023-02-13,bier,1206,1.71,1.14,2063.95,687.98
1350,2023-02-13,chips,496,2.66,1.77,1320.21,440.07
1351,2023-02-13,brood,402,0.54,0.36,218.05,72.68
1352,2023-02-13,cola,796,0.25,0.16,195.19,65.06
1353,2023-02-14,bananen,1997,0.55,0.37,1096.31,365.44
1354,2023-02-14,appels,4077,0.09,0.06,348.16,116.05
1355,2023-02-14,peren,2996,1.10,0.73,3288.92,1096.31
1356,2023-02-14,kip,998,2.47,1.65,2469.53,823.18
1357,2023-02-14,rund,795,4.21,2.81,3346.90,1115.63
1358,2023-02-14,vis,607,3.70,2.47,2244.88,748.29
1359,2023-02-14,bier,1200,4.03,2.69,4836.21,1612.07
1360,2023-02-14,chips,501,2.75,1.84,1379.06,459.69
1361,2023-02-14,brood,410,0.97,0.65,399.27,133.09
1362,2023-02-14,cola,799,0.78,0.52,626.89,208.96
1363,2023-02-15,bananen,1996,1.29,0.86,2566.88,855.63
1364,2023-02-15,appels,4097,0.67,0.45,2765.00,921.67
1365,2023-02-15,peren,2991,0.48,0.32,1439.96,479.99
1366,2023-02-15,kip,1000,3.60,2.40,3601.97,1200.66
1367,2023-02-15,rund,802,3.57,2.38,2866.97,955.66
1368,2023-02-15,vis,601,3.98,2.65,2392.95,797.65
1369,2023-02-15,bier,1203,1.58,1.05,1894.91,631.64
1370,2023-02-15,chips,499,0.36,0.24,177.97,59.32
1371,2023-02-15,brood,400,0.35,0.23,140.82,46.94
1372,2023-02-15,cola,804,1.07,0.71,859.33,286.44
1373,2023-02-16,bananen,1999,0.54,0.36,1078.22,359.41
1374,2023-02-16,appels,4005,1.40,0.93,5596.02,1865.34
1375,2023-02-16,peren,3000,0.95,0.64,2857.67,952.56
1376,2023-02-16,kip,998,2.79,1.86,2788.09,929.36
1377,2023-02-16,rund,793,4.48,2.99,3551.70,1183.90
1378,2023-02-16,vis,608,5.78,3.85,3512.41,1170.80
1379,2023-02-16,bier,1195,4.36,2.91,5209.64,1736.55
1380,2023-02-16,chips,490,2.71,1.81,1330.11,443.37
1381,2023-02-16,brood,404,0.54,0.36,219.49,73.16
1382,2023-02-16,cola,795,2.23,1.49,1776.27,592.09
1383,2023-02-17,bananen,1995,0.61,0.40,1210.50,403.50
1384,2023-02-17,appels,4105,0.01,0.01,50.39,16.80
1385,2023-02-17,peren,3004,1.19,0.79,3576.27,1192.09
1386,2023-02-17,kip,1010,2.49,1.66,2514.12,838.04
1387,2023-02-17,rund,806,4.67,3.11,3765.00,1255.00
1388,2023-02-17,vis,600,3.57,2.38,2142.43,714.14
1389,2023-02-17,bier,1199,3.41,2.28,4093.98,1364.66
1390,2023-02-17,chips,499,1.72,1.15,857.24,285.75
1391,2023-02-17,brood,407,1.27,0.85,518.05,172.68
1392,2023-02-17,cola,795,1.39,0.93,1107.73,369.24
1393,2023-02-18,bananen,2004,1.42,0.95,2853.47,951.16
1394,2023-02-18,appels,4013,0.40,0.27,1598.56,532.85
1395,2023-02-18,peren,3006,1.09,0.73,3289.18,1096.39
1396,2023-02-18,kip,1003,3.90,2.60,3910.70,1303.57
1397,2023-02-18,rund,804,3.41,2.27,2741.50,913.83
1398,2023-02-18,vis,602,4.95,3.30,2981.32,993.77
1399,2023-02-18,bier,1192,3.49,2.33,4158.96,1386.32
1400,2023-02-18,chips,499,0.14,0.10,71.23,23.74
1401,2023-02-18,brood,403,0.09,0.06,36.31,12.10
1402,2023-02-18,cola,808,2.02,1.35,1633.77,544.59
1403,2023-02-19,bananen,1996,0.91,0.61,1820.68,606.89
1404,2023-02-19,appels,4063,0.46,0.30,1858.47,619.49
1405,2023-02-19,peren,2996,0.20,0.14,608.72,202.91
1406,2023-02-19,kip,996,2.76,1.84,2744.94,914.98
1407,2023-02-19,rund,795,4.10,2.74,3262.80,1087.60
1408,2023-02-19,vis,597,5.41,3.61,3229.29,1076.43
1409,2023-02-19,bier,1200,3.40,2.27,4081.75,1360.58
1410,2023-02-19,chips,493,0.10,0.07,48.11,16.04
1411,2023-02-19,brood,409,1.42,0.94,578.96,192.99
1412,2023-02-19,cola,804,0.54,0.36,435.31,145.10
1413,2023-02-20,bananen,1999,1.18,0.78,2352.94,784.31
1414,2023-02-20,appels,4071,0.37,0.25,1502.80,500.93
1415,2023-02-20,peren,2995,0.55,0.37,1656.74,552.25
1416,2023-02-20,kip,997,2.45,1.63,2441.49,813.83
1417,2023-02-20,rund,806,4.28,2.85,3445.99,1148.66
1418,2023-02-20,vis,607,4.20,2.80,2547.04,849.01
1419,2023-02-20,bier,1202,3.91,2.61,4698.09,1566.03
1420,2023-02-20,chips,497,0.87,0.58,431.48,143.83
1421,2023-02-20,brood,403,0.78,0.52,312.58,104.19
1422,2023-02-20,cola,799,1.83,1.22,1460.57,486.86
1423,2023-02-21,bananen,2006,0.81,0.54,1633.99,544.66
1424,2023-02-21,appels,4055,1.31,0.87,5317.93,1772.64
1425,2023-02-21,peren,3007,1.41,0.94,4246.33,1415.44
1426,2023-02-21,kip,1002,3.77,2.52,3780.80,1260.27
1427,2023-02-21,rund,794,3.88,2.59,3083.98,1027.99
1428,2023-02-21,vis,602,5.76,3.84,3467.68,1155.89
1429,2023-02-21,bier,1202,3.82,2.55,4590.27,1530.09
1430,2023-02-21,chips,497,0.09,0.06,43.87,14.62
1431,2023-02-21,brood,396,1.49,0.99,588.35,196.12
1432,2023-02-21,cola,796,0.81,0.54,646.37,215.46
1433,2023-02-22,bananen,2002,1.16,0.77,2320.85,773.62
1434,2023-02-22,appels,4075,0.86,0.57,3497.33,1165.78
1435,2023-02-22,peren,2997,0.09,0.06,276.21,92.07
1436,2023-02-22,kip,997,2.26,1.51,2252.01,750.67
1437,2023-02-22,rund,796,3.30,2.20,2628.00,876.00
1438,2023-02-22,vis,593,5.78,3.85,3425.28,1141.76
1439,2023-02-22,bier,1207,3.58,2.39,4320.41,1440.14
1440,2023-02-22,chips,492,2.58,1.72,1270.48,423.49
1441,2023-02-22,brood,401,1.05,0.70,421.28,140.43
1442,2023-02-22,cola,809,2.98,1.99,2409.60,803.20
1443,2023-02-23,bananen,2002,0.26,0.17,519.83,173.28
1444,2023-02-23,appels,4012,1.19,0.79,4782.95,1594.32
1445,2023-02-23,peren,2999,1.41,0.94,4234.23,1411.41
1446,2023-02-23,kip,1000,2.99,2.00,2994.21,998.07
1447,2023-02-23,rund,797,5.19,3.46,4140.35,1380.12
1448,2023-02-23,vis,593,3.16,2.11,1873.85,624.62
1449,2023-02-23,bier,1195,2.75,1.83,3284.10,1094.70
1450,2023-02-23,chips,507,1.00,0.66,505.27,168.42
1451,2023-02-23,brood,401,1.30,0.87,521.47,173.82
1452,2023-02-23,cola,799,1.22,0.81,972.32,324.11
1453,2023-02-24,bananen,2006,0.54,0.36,1091.34,363.78
1454,2023-02-24,appels,4032,0.08,0.05,328.89,109.63
1455,2023-02-24,peren,3004,1.05,0.70,3162.18,1054.06
1456,2023-02-24,kip,1000,2.05,1.37,2052.97,684.32
1457,2023-02-24,rund,795,3.28,2.19,2610.00,870.00
1458,2023-02-24,vis,604,3.88,2.59,2345.85,781.95
1459,2023-02-24,bier,1202,4.10,2.73,4930.03,1643.34
1460,2023-02-24,chips,497,2.36,1.57,1171.46,390.49
1461,2023-02-24,brood,396,1.09,0.73,432.19,144.06
1462,2023-02-24,cola,804,0.47,0.31,378.39,126.13
1463,2023-02-25,bananen,2002,0.76,0.50,1516.51,505.50
1464,2023-02-25,appels,4062,0.32,0.22,1311.61,437.20
1465,2023-02-25,peren,2997,0.68,0.45,2038.10,679.37
1466,2023-02-25,kip,1002,3.25,2.17,3260.21,1086.74
1467,2023-02-25,rund,801,3.84,2.56,3073.00,1024.33
1468,2023-02-25,vis,602,4.98,3.32,3000.22,1000.07
1469,2023-02-25,bier,1191,3.91,2.60,4651.93,1550.64
1470,2023-02-25,chips,496,0.13,0.09,64.00,21.33
1471,2023-02-25,brood,401,0.03,0.02,11.31,3.77
1472,2023-02-25,cola,804,1.16,0.77,934.16,311.39
1473,2023-02-26,bananen,1998,1.10,0.73,2195.12,731.71
1474,2023-02-26,appels,3998,0.34,0.22,1343.70,447.90
1475,2023-02-26,peren,3005,0.31,0.20,923.07,307.69
1476,2023-02-26,kip,1001,2.49,1.66,2496.38,832.13
1477,2023-02-26,rund,795,3.13,2.08,2485.66,828.55
1478,2023-02-26,vis,594,3.13,2.09,1860.72,620.24
1479,2023-02-26,bier,1199,3.13,2.09,3754.65,1251.55
1480,2023-02-26,chips,502,0.09,0.06,43.03,14.34
1481,2023-02-26,brood,396,0.13,0.09,50.74,16.91
1482,2023-02-26,cola,806,1.50,1.00,1209.75,403.25
1483,2023-02-27,bananen,1995,1.10,0.73,2196.94,732.31
1484,2023-02-27,appels,4049,0.53,0.35,2150.68,716.89
1485,2023-02-27,peren,3001,1.28,0.86,3848.83,1282.94
1486,2023-02-27,kip,1005,3.28,2.19,3297.95,1099.32
1487,2023-02-27,rund,800,3.48,2.32,2780.63,926.88
1488,2023-02-27,vis,603,4.00,2.66,2409.32,803.11
1489,2023-02-27,bier,1197,3.86,2.57,4621.51,1540.50
1490,2023-02-27,chips,506,2.37,1.58,1198.19,399.40
1491,2023-02-27,brood,392,0.89,0.59,347.70,115.90
1492,2023-02-27,cola,801,0.00,0.00,0.30,0.10
1493,2023-02-28,bananen,2000,0.62,0.41,1240.39,413.46
1494,2023-02-28,appels,4067,1.03,0.69,4193.46,1397.82
1495,2023-02-28,peren,2990,1.47,0.98,4402.57,1467.52
1496,2023-02-28,kip,997,2.93,1.95,2917.09,972.36
1497,2023-02-28,rund,801,5.84,3.89,4675.41,1558.47
1498,2023-02-28,vis,601,4.46,2.97,2681.04,893.68
1499,2023-02-28,bier,1200,3.54,2.36,4253.69,1417.90
1500,2023-02-28,chips,502,1.64,1.09,824.49,274.83
1501,2023-02-28,brood,402,0.52,0.35,208.49,69.50
1502,2023-02-28,cola,802,0.74,0.49,595.23,198.41
1503,2023-03-01,bananen,2004,0.81,0.54,1620.28,540.09
1504,2023-03-01,appels,4034,1.26,0.84,5085.98,1695.33
1505,2023-03-01,peren,2995,0.17,0.11,498.43,166.14
1506,2023-03-01,kip,1003,2.75,1.83,2755.98,918.66
1507,2023-03-01,rund,799,4.49,2.99,3587.88,1195.96
1508,2023-03-01,vis,597,4.44,2.96,2652.40,884.13
1509,2023-03-01,bier,1190,3.48,2.32,4138.55,1379.52
1510,2023-03-01,chips,505,1.20,0.80,603.56,201.19
1511,2023-03-01,brood,391,0.93,0.62,363.95,121.32
1512,2023-03-01,cola,799,2.02,1.35,1616.04,538.68
1513,2023-03-02,bananen,1998,0.29,0.20,585.06,195.02
1514,2023-03-02,appels,4054,0.92,0.61,3710.51,1236.84
1515,2023-03-02,peren,2996,0.08,0.05,230.11,76.70
1516,2023-03-02,kip,998,2.73,1.82,2719.62,906.54
1517,2023-03-02,rund,805,5.43,3.62,4368.15,1456.05
1518,2023-03-02,vis,599,3.98,2.65,2381.63,793.88
1519,2023-03-02,bier,1197,3.67,2.44,4388.98,1462.99
1520,2023-03-02,chips,503,2.60,1.73,1308.36,436.12
1521,2023-03-02,brood,399,1.08,0.72,431.32,143.77
1522,2023-03-02,cola,795,0.24,0.16,191.73,63.91
1523,2023-03-03,bananen,1998,0.46,0.30,910.25,303.42
1524,2023-03-03,appels,4061,0.53,0.36,2166.61,722.20
1525,2023-03-03,peren,2995,0.91,0.61,2733.85,911.28
1526,2023-03-03,kip,998,2.45,1.63,2441.10,813.70
1527,2023-03-03,rund,801,4.25,2.83,3404.91,1134.97
1528,2023-03-03,vis,606,5.81,3.88,3522.74,1174.25
1529,2023-03-03,bier,1209,2.41,1.60,2908.01,969.34
1530,2023-03-03,chips,495,2.97,1.98,1469.03,489.68
1531,2023-03-03,brood,396,0.64,0.43,253.40,84.47
1532,2023-03-03,cola,798,1.85,1.23,1474.14,491.38
1533,2023-03-04,bananen,1997,0.54,0.36,1082.30,360.77
1534,2023-03-04,appels,4104,1.48,0.99,6085.50,2028.50
1535,2023-03-04,peren,3002,0.06,0.04,178.72,59.57
1536,2023-03-04,kip,994,3.59,2.40,3571.83,1190.61
1537,2023-03-04,rund,795,3.92,2.61,3115.96,1038.65
1538,2023-03-04,vis,605,5.23,3.49,3164.61,1054.87
1539,2023-03-04,bier,1198,3.47,2.32,4161.17,1387.06
1540,2023-03-04,chips,495,2.67,1.78,1323.57,441.19
1541,2023-03-04,brood,395,1.12,0.75,444.22,148.07
1542,2023-03-04,cola,800,2.60,1.73,2080.40,693.47
1543,2023-03-05,bananen,1998,1.30,0.86,2587.48,862.49
1544,2023-03-05,appels,4092,0.89,0.59,3626.68,1208.89
1545,2023-03-05,peren,3003,1.07,0.71,3220.61,1073.54
1546,2023-03-05,kip,1006,1.69,1.13,1698.77,566.26
1547,2023-03-05,rund,797,5.95,3.97,4740.49,1580.16
1548,2023-03-05,vis,596,3.21,2.14,1910.74,636.91
1549,2023-03-05,bier,1204,2.65,1.77,3195.52,1065.17
1550,2023-03-05,chips,498,2.78,1.85,1384.59,461.53
1551,2023-03-05,brood,399,0.51,0.34,204.02,68.01
1552,2023-03-05,cola,801,0.78,0.52,624.98,208.33
1553,2023-03-06,bananen,1999,0.44,0.29,879.36,293.12
1554,2023-03-06,appels,4009,1.42,0.95,5711.64,1903.88
1555,2023-03-06,peren,2993,0.77,0.51,2291.53,763.84
1556,2023-03-06,kip,1005,1.69,1.12,1693.58,564.53
1557,2023-03-06,rund,804,3.30,2.20,2653.84,884.61
1558,2023-03-06,vis,599,5.95,3.97,3564.45,1188.15
1559,2023-03-06,bier,1200,1.98,1.32,2378.04,792.68
1560,2023-03-06,chips,502,1.03,0.69,517.79,172.60
1561,2023-03-06,brood,401,0.47,0.31,187.86,62.62
1562,2023-03-06,cola,795,0.59,0.39,467.51,155.84
1563,2023-03-07,bananen,2006,1.05,0.70,2115.34,705.11
1564,2023-03-07,appels,4019,0.57,0.38,2285.25,761.75
1565,2023-03-07,peren,2995,0.65,0.43,1935.03,645.01
1566,2023-03-07,kip,996,4.28,2.85,4261.30,1420.43
1567,2023-03-07,rund,803,4.28,2.85,3436.40,1145.47
1568,2023-03-07,vis,598,5.23,3.49,3126.60,1042.20
1569,2023-03-07,bier,1202,2.58,1.72,3102.82,1034.27
1570,2023-03-07,chips,497,2.58,1.72,1281.10,427.03
1571,2023-03-07,brood,398,1.03,0.69,410.61,136.87
1572,2023-03-07,cola,799,1.61,1.08,1290.22,430.07
1573,2023-03-08,bananen,1997,0.86,0.57,1710.29,570.10
1574,2023-03-08,appels,4024,1.15,0.77,4643.72,1547.91
1575,2023-03-08,peren,2993,0.71,0.47,2115.50,705.17
1576,2023-03-08,kip,1007,2.32,1.55,2334.30,778.10
1577,2023-03-08,rund,792,4.10,2.74,3251.16,1083.72
1578,2023-03-08,vis,602,3.14,2.09,1891.72,630.57
1579,2023-03-08,bier,1203,3.94,2.63,4744.90,1581.63
1580,2023-03-08,chips,500,2.28,1.52,1140.23,380.08
1581,2023-03-08,brood,398,0.65,0.43,259.51,86.50
1582,2023-03-08,cola,795,0.02,0.01,15.25,5.08
1583,2023-03-09,bananen,1998,0.64,0.43,1275.09,425.03
1584,2023-03-09,appels,4005,1.45,0.97,5821.95,1940.65
1585,2023-03-09,peren,3003,0.01,0.01,24.09,8.03
1586,2023-03-09,kip,995,4.02,2.68,4002.05,1334.02
1587,2023-03-09,rund,800,5.73,3.82,4587.31,1529.10
1588,2023-03-09,vis,601,4.19,2.79,2519.03,839.68
1589,2023-03-09,bier,1193,3.15,2.10,3752.71,1250.90
1590,2023-03-09,chips,501,0.30,0.20,150.98,50.33
1591,2023-03-09,brood,402,0.56,0.37,224.29,74.76
1592,2023-03-09,cola,796,0.80,0.53,635.66,211.89
1593,2023-03-10,bananen,1999,0.97,0.65,1935.07,645.02
1594,2023-03-10,appels,4073,0.28,0.19,1140.06,380.02
1595,2023-03-10,peren,3009,0.57,0.38,1717.84,572.61
1596,2023-03-10,kip,1000,4.18,2.78,4177.26,1392.42
1597,2023-03-10,rund,790,3.40,2.26,2682.89,894.30
1598,2023-03-10,vis,594,3.91,2.61,2325.30,775.10
1599,2023-03-10,bier,1200,4.41,2.94,5294.90,1764.97
1600,2023-03-10,chips,494,1.84,1.23,909.17,303.06
1601,2023-03-10,brood,396,0.71,0.47,281.92,93.97
1602,2023-03-10,cola,802,1.45,0.97,1161.77,387.26
1603,2023-03-11,bananen,1997,0.97,0.64,1931.19,643.73
1604,2023-03-11,appels,4071,0.85,0.57,3465.26,1155.09
1605,2023-03-11,peren,2992,0.07,0.05,215.48,71.83
1606,2023-03-11,kip,1008,3.61,2.40,3635.64,1211.88
1607,2023-03-11,rund,799,3.52,2.35,2811.78,937.26
1608,2023-03-11,vis,603,4.59,3.06,2765.50,921.83
1609,2023-03-11,bier,1199,3.45,2.30,4134.97,1378.32
1610,2023-03-11,chips,501,0.98,0.65,488.73,162.91
1611,2023-03-11,brood,399,1.43,0.96,572.08,190.69
1612,2023-03-11,cola,795,2.32,1.55,1844.32,614.77
1613,2023-03-12,bananen,2003,0.79,0.53,1586.84,528.95
1614,2023-03-12,appels,4060,1.05,0.70,4265.59,1421.86
1615,2023-03-12,peren,3008,1.04,0.69,3117.10,1039.03
1616,2023-03-12,kip,1009,3.78,2.52,3809.06,1269.69
1617,2023-03-12,rund,802,4.50,3.00,3609.90,1203.30
1618,2023-03-12,vis,604,3.56,2.38,2151.91,717.30
1619,2023-03-12,bier,1196,3.12,2.08,3729.07,1243.02
1620,2023-03-12,chips,507,2.27,1.51,1148.89,382.96
1621,2023-03-12,brood,404,1.43,0.95,578.61,192.87
1622,2023-03-12,cola,795,1.08,0.72,854.63,284.88
1623,2023-03-13,bananen,2000,0.27,0.18,534.06,178.02
1624,2023-03-13,appels,4061,1.16,0.77,4694.60,1564.87
1625,2023-03-13,peren,2999,0.12,0.08,352.19,117.40
1626,2023-03-13,kip,1001,2.82,1.88,2817.84,939.28
1627,2023-03-13,rund,802,5.47,3.64,4384.20,1461.40
1628,2023-03-13,vis,610,4.81,3.20,2931.33,977.11
1629,2023-03-13,bier,1201,4.13,2.76,4964.87,1654.96
1630,2023-03-13,chips,496,0.82,0.55,408.47,136.16
1631,2023-03-13,brood,410,0.65,0.44,268.40,89.47
1632,2023-03-13,cola,797,2.18,1.45,1739.31,579.77
1633,2023-03-14,bananen,2000,1.14,0.76,2284.25,761.42
1634,2023-03-14,appels,4070,1.42,0.94,5761.69,1920.56
1635,2023-03-14,peren,3002,0.18,0.12,551.85,183.95
1636,2023-03-14,kip,1001,2.52,1.68,2524.15,841.38
1637,2023-03-14,rund,805,3.68,2.45,2958.97,986.32
1638,2023-03-14,vis,603,3.98,2.65,2397.86,799.29
1639,2023-03-14,bier,1202,1.64,1.09,1972.88,657.63
1640,2023-03-14,chips,501,1.62,1.08,811.91,270.64
1641,2023-03-14,brood,401,1.14,0.76,458.86,152.95
1642,2023-03-14,cola,796,2.00,1.34,1594.09,531.36
1643,2023-03-15,bananen,1996,1.47,0.98,2937.96,979.32
1644,2023-03-15,appels,4005,0.85,0.57,3395.50,1131.83
1645,2023-03-15,peren,3001,0.13,0.09,385.55,128.52
1646,2023-03-15,kip,1000,3.66,2.44,3659.46,1219.82
1647,2023-03-15,rund,796,3.72,2.48,2958.97,986.32
1648,2023-03-15,vis,607,3.43,2.28,2079.48,693.16
1649,2023-03-15,bier,1193,2.41,1.61,2874.75,958.25
1650,2023-03-15,chips,500,0.91,0.60,453.24,151.08
1651,2023-03-15,brood,402,1.35,0.90,542.41,180.80
1652,2023-03-15,cola,798,1.87,1.25,1495.03,498.34
1653,2023-03-16,bananen,2001,1.41,0.94,2811.45,937.15
1654,2023-03-16,appels,4089,0.29,0.19,1179.03,393.01
1655,2023-03-16,peren,3007,0.51,0.34,1531.87,510.62
1656,2023-03-16,kip,1003,4.34,2.90,4357.15,1452.38
1657,2023-03-16,rund,799,4.87,3.25,3890.84,1296.95
1658,2023-03-16,vis,602,4.81,3.20,2893.88,964.63
1659,2023-03-16,bier,1198,3.89,2.60,4663.24,1554.41
1660,2023-03-16,chips,492,0.53,0.35,261.35,87.12
1661,2023-03-16,brood,409,0.57,0.38,233.92,77.97
1662,2023-03-16,cola,807,2.82,1.88,2277.12,759.04
1663,2023-03-17,bananen,1997,0.77,0.51,1527.79,509.26
1664,2023-03-17,appels,4056,0.88,0.59,3575.54,1191.85
1665,2023-03-17,peren,2995,0.58,0.39,1742.04,580.68
1666,2023-03-17,kip,1006,2.52,1.68,2532.75,844.25
1667,2023-03-17,rund,805,5.44,3.63,4381.88,1460.63
1668,2023-03-17,vis,598,4.26,2.84,2545.20,848.40
1669,2023-03-17,bier,1195,3.09,2.06,3690.53,1230.18
1670,2023-03-17,chips,505,0.88,0.59,444.99,148.33
1671,2023-03-17,brood,403,0.28,0.19,114.59,38.20
1672,2023-03-17,cola,798,1.01,0.68,808.06,269.35
1673,2023-03-18,bananen,2007,1.32,0.88,2646.80,882.27
1674,2023-03-18,appels,4037,0.42,0.28,1682.79,560.93
1675,2023-03-18,peren,3000,1.50,1.00,4498.17,1499.39
1676,2023-03-18,kip,995,1.99,1.33,1984.90,661.63
1677,2023-03-18,rund,797,5.04,3.36,4013.49,1337.83
1678,2023-03-18,vis,600,3.74,2.49,2242.65,747.55
1679,2023-03-18,bier,1206,4.45,2.97,5366.16,1788.72
1680,2023-03-18,chips,499,1.82,1.22,909.82,303.27
1681,2023-03-18,brood,398,0.31,0.21,123.01,41.00
1682,2023-03-18,cola,805,2.37,1.58,1909.95,636.65
1683,2023-03-19,bananen,1999,0.27,0.18,543.47,181.16
1684,2023-03-19,appels,4101,0.11,0.08,468.08,156.03
1685,2023-03-19,peren,2996,1.15,0.77,3448.00,1149.33
1686,2023-03-19,kip,1002,3.98,2.66,3992.60,1330.87
1687,2023-03-19,rund,803,4.20,2.80,3376.26,1125.42
1688,2023-03-19,vis,598,4.50,3.00,2691.49,897.16
1689,2023-03-19,bier,1192,3.43,2.28,4084.44,1361.48
1690,2023-03-19,chips,498,1.21,0.81,603.73,201.24
1691,2023-03-19,brood,397,0.36,0.24,143.34,47.78
1692,2023-03-19,cola,808,2.21,1.48,1788.46,596.15
1693,2023-03-20,bananen,1994,1.22,0.81,2425.11,808.37
1694,2023-03-20,appels,4038,1.17,0.78,4717.94,1572.65
1695,2023-03-20,peren,2997,1.03,0.68,3075.68,1025.23
1696,2023-03-20,kip,998,2.95,1.96,2941.34,980.45
1697,2023-03-20,rund,804,5.28,3.52,4247.53,1415.84
1698,2023-03-20,vis,606,3.20,2.13,1939.42,646.47
1699,2023-03-20,bier,1200,3.25,2.17,3898.15,1299.38
1700,2023-03-20,chips,502,0.02,0.02,12.35,4.12
1701,2023-03-20,brood,402,1.09,0.73,437.26,145.75
1702,2023-03-20,cola,799,2.55,1.70,2037.92,679.31
1703,2023-03-21,bananen,1992,1.36,0.90,2700.56,900.19
1704,2023-03-21,appels,4002,1.07,0.71,4287.82,1429.27
1705,2023-03-21,peren,3001,1.05,0.70,3145.72,1048.57
1706,2023-03-21,kip,1006,2.70,1.80,2721.16,907.05
1707,2023-03-21,rund,804,3.67,2.45,2954.44,984.81
1708,2023-03-21,vis,600,4.47,2.98,2683.62,894.54
1709,2023-03-21,bier,1201,2.72,1.82,3270.25,1090.08
1710,2023-03-21,chips,498,2.75,1.83,1368.05,456.02
1711,2023-03-21,brood,402,1.18,0.78,473.35,157.78
1712,2023-03-21,cola,804,0.86,0.57,690.10,230.03
1713,2023-03-22,bananen,1995,0.20,0.13,397.10,132.37
1714,2023-03-22,appels,4086,1.45,0.97,5930.32,1976.77
1715,2023-03-22,peren,3002,0.68,0.45,2035.58,678.53
1716,2023-03-22,kip,1003,4.18,2.79,4197.42,1399.14
1717,2023-03-22,rund,800,4.50,3.00,3600.70,1200.23
1718,2023-03-22,vis,602,4.67,3.11,2809.66,936.55
1719,2023-03-22,bier,1197,3.15,2.10,3774.61,1258.20
1720,2023-03-22,chips,501,1.77,1.18,887.05,295.68
1721,2023-03-22,brood,393,0.25,0.17,99.74,33.25
1722,2023-03-22,cola,803,2.05,1.37,1646.56,548.85
1723,2023-03-23,bananen,1998,1.48,0.98,2951.88,983.96
1724,2023-03-23,appels,4042,1.40,0.93,5652.39,1884.13
1725,2023-03-23,peren,2998,1.28,0.86,3850.12,1283.37
1726,2023-03-23,kip,996,3.59,2.40,3578.79,1192.93
1727,2023-03-23,rund,798,3.02,2.01,2408.24,802.75
1728,2023-03-23,vis,601,4.95,3.30,2976.77,992.26
1729,2023-03-23,bier,1199,3.30,2.20,3960.88,1320.29
1730,2023-03-23,chips,496,0.85,0.57,424.04,141.35
1731,2023-03-23,brood,402,0.63,0.42,254.40,84.80
1732,2023-03-23,cola,805,0.66,0.44,529.53,176.51
